{
    "session":"GE",
    "result": [
  {
    "variables": [
      36,
      134,
      130,
      169,
      71,
      93,
      145,
      119,
      16,
      112,
      86,
      148,
      23,
      15,
      54,
      35
    ],
    "objectives": [
      0.41241180181059417,
      -1.0
    ],
    "quantity": 0.9557377049180328,
    "strategy": {
      "firstOperation": {
        "name": "All Operators",
        "successor": {
          "selection": {
            "selectionType": {
              "name": "Sequential"
            },
            "quantity": 5,
            "percentage": 0.0,
            "name": "Group Selection"
          },
          "executionType": {
            "name": "Conventional Execution"
          },
          "name": "Execute Operators",
          "successor": {
            "name": "Store Mutants"
          }
        }
      }
    }
  },
  {
    "variables": [
      144,
      50,
      70,
      7,
      148,
      91,
      73,
      5,
      36,
      73,
      147,
      116,
      118,
      100,
      63,
      151,
      178,
      0,
      164,
      117,
      50,
      79,
      70,
      63,
      175,
      58,
      152,
      88,
      142,
      169,
      98,
      150,
      87,
      111,
      25,
      133,
      77,
      86,
      59,
      125,
      151,
      69,
      171,
      55,
      40,
      119,
      73,
      58,
      107,
      175,
      133,
      20,
      74,
      39,
      79,
      34,
      127,
      23,
      28,
      169,
      98,
      150,
      87,
      127,
      145,
      151,
      178,
      66,
      178,
      72
    ],
    "objectives": [
      0.4092963012405786,
      -0.9983193277310924
    ],
    "quantity": 0.840983606557377,
    "strategy": {
      "firstOperation": {
        "name": "All Operators",
        "successor": {
          "selection": {
            "selectionType": {
              "name": "Random"
            },
            "quantity": 9,
            "percentage": 0.0,
            "name": "Group Selection"
          },
          "executionType": {
            "name": "Conventional Execution"
          },
          "name": "Execute Operators",
          "successor": {
            "selection": {
              "selectionType": {
                "name": "Sequential"
              },
              "quantity": 0,
              "percentage": 1.0,
              "sorter": {
                "reversed": false,
                "name": "Sort Operators by Mutant Quantity"
              },
              "name": "Selection"
            },
            "name": "Select Operators",
            "successor": {
              "name": "New Branch",
              "successor": {
                "name": "Store Mutants"
              },
              "secondSuccessor": {
                "name": "Store Mutants"
              }
            }
          }
        }
      }
    }
  },
  {
    "variables": [
      36,
      134,
      130,
      169,
      2,
      15,
      0,
      165,
      73,
      169,
      111,
      147,
      63,
      66,
      136
    ],
    "objectives": [
      0.3522068461447024,
      -0.9966386554621849
    ],
    "quantity": 0.9868852459016393,
    "strategy": {
      "firstOperation": {
        "name": "All Operators",
        "successor": {
          "selection": {
            "selectionType": {
              "name": "Sequential"
            },
            "quantity": 10,
            "percentage": 0.0,
            "sorter": {
              "reversed": true,
              "name": "Sort Operator Groups by Mutant Quantity in Group"
            },
            "name": "Group Selection"
          },
          "executionType": {
            "name": "Conventional Execution"
          },
          "name": "Execute Operators",
          "successor": {
            "name": "Store Mutants"
          }
        }
      }
    }
  },
  {
    "variables": [
      112,
      62,
      165,
      61,
      2,
      117,
      97,
      76,
      123,
      39,
      2,
      139,
      23,
      102,
      146,
      137,
      124,
      80,
      86,
      103,
      153,
      36,
      150,
      75,
      8,
      12,
      8,
      49,
      72,
      178,
      153,
      71,
      93,
      142,
      25,
      133,
      77,
      86,
      59,
      125,
      151,
      64,
      57,
      83,
      12,
      78,
      30,
      154,
      23,
      79,
      117
    ],
    "objectives": [
      0.3309583389953737,
      -0.9747899159663864
    ],
    "quantity": 0.6311475409836066,
    "strategy": {
      "firstOperation": {
        "name": "All Operators",
        "successor": {
          "selection": {
            "selectionType": {
              "name": "Sequential"
            },
            "quantity": 0,
            "percentage": 0.7,
            "name": "Group Selection"
          },
          "executionType": {
            "name": "Conventional Execution"
          },
          "name": "Execute Operators",
          "successor": {
            "name": "Store Mutants"
          }
        }
      }
    }
  },
  {
    "variables": [
      144,
      62,
      131,
      148,
      139,
      34,
      107,
      167,
      27,
      4,
      103,
      100,
      3,
      158,
      63,
      120,
      18,
      1,
      138,
      1,
      177,
      86,
      142,
      131,
      91,
      105,
      19,
      22,
      168,
      2,
      70,
      164,
      31,
      3,
      118,
      100,
      63,
      151,
      178,
      66,
      164,
      72
    ],
    "objectives": [
      0.32931163595159374,
      -0.9495798319327731
    ],
    "quantity": 0.542622950819672,
    "strategy": {
      "firstOperation": {
        "name": "All Operators",
        "successor": {
          "selection": {
            "selectionType": {
              "name": "Random"
            },
            "quantity": 0,
            "percentage": 0.8,
            "sorter": {
              "reversed": true,
              "name": "Sort Operators by Mutant Quantity"
            },
            "name": "Selection"
          },
          "executionType": {
            "name": "Conventional Execution"
          },
          "name": "Execute Operators",
          "successor": {
            "selection": {
              "selectionType": {
                "name": "Sequential"
              },
              "quantity": 5,
              "percentage": 0.0,
              "sorter": {
                "reversed": true,
                "name": "Sort Groups by Quantity in Group"
              },
              "name": "Group Selection"
            },
            "name": "Discard Operators",
            "successor": {
              "name": "Store Mutants"
            }
          }
        }
      }
    }
  },
  {
    "variables": [
      144,
      62,
      131,
      148,
      139,
      34,
      107,
      46,
      27,
      4,
      103,
      100,
      3,
      40,
      77,
      120,
      18,
      1,
      138,
      178,
      28,
      169,
      98,
      150,
      87,
      127,
      23,
      84,
      10,
      153,
      51,
      121,
      78,
      30,
      154,
      126,
      136,
      118,
      118,
      24,
      128,
      1,
      138,
      80,
      177,
      86,
      142,
      131,
      91,
      105,
      19,
      22,
      168,
      2,
      169,
      108,
      2,
      15,
      0,
      165,
      73,
      169,
      111,
      147,
      63,
      66,
      136,
      93,
      0,
      52,
      58,
      23,
      3,
      50,
      79,
      7,
      148,
      91,
      6,
      5,
      36,
      73,
      78,
      30,
      154,
      23,
      3,
      50,
      84,
      70,
      63,
      175,
      58,
      152,
      44,
      142,
      79,
      117,
      70,
      40,
      67,
      122,
      24,
      132,
      20,
      156,
      16,
      69,
      45,
      19,
      71,
      21,
      9,
      133,
      51,
      113,
      158,
      107,
      42,
      107,
      147,
      148,
      110,
      139,
      117,
      50,
      79,
      70,
      63,
      175,
      58,
      152,
      44,
      58,
      79,
      117
    ],
    "objectives": [
      0.3123223504377034,
      -0.9445378151260504
    ],
    "quantity": 0.5721311475409837,
    "strategy": {
      "firstOperation": {
        "name": "All Operators",
        "successor": {
          "selection": {
            "selectionType": {
              "name": "Random"
            },
            "quantity": 0,
            "percentage": 0.8,
            "sorter": {
              "reversed": false,
              "name": "Sort Operators by Mutant Quantity"
            },
            "name": "Selection"
          },
          "executionType": {
            "name": "Conventional Execution"
          },
          "name": "Execute Operators",
          "successor": {
            "selection": {
              "selectionType": {
                "name": "LastToFirst"
              },
              "quantity": 1,
              "percentage": 0.0,
              "sorter": {
                "reversed": true,
                "name": "Sort Groups by Quantity in Group"
              },
              "name": "Group Selection"
            },
            "name": "Discard Operators",
            "successor": {
              "name": "Store Mutants"
            }
          }
        }
      }
    }
  },
  {
    "variables": [
      144,
      50,
      70,
      28,
      169,
      98,
      150,
      87,
      127,
      23,
      84,
      10,
      153
    ],
    "objectives": [
      0.30971420635391284,
      -0.9394957983193277
    ],
    "quantity": 0.46557377049180326,
    "strategy": {
      "firstOperation": {
        "name": "All Operators",
        "successor": {
          "selection": {
            "selectionType": {
              "name": "Random"
            },
            "quantity": 8,
            "percentage": 0.0,
            "sorter": {
              "reversed": true,
              "name": "Sort Operators by Type"
            },
            "name": "Selection"
          },
          "executionType": {
            "name": "Conventional Execution"
          },
          "name": "Execute Operators",
          "successor": {
            "name": "Store Mutants"
          }
        }
      }
    }
  },
  {
    "variables": [
      144,
      62,
      50,
      79,
      70,
      63,
      175,
      58,
      152,
      88,
      142,
      169,
      98,
      150,
      87,
      111,
      129,
      133,
      77,
      86,
      59,
      125,
      151,
      69,
      171,
      55,
      178,
      119,
      104,
      67,
      107,
      175,
      133,
      20,
      74,
      39,
      79,
      34,
      127,
      23,
      28,
      169,
      84,
      70,
      125,
      23,
      3,
      36,
      134,
      51,
      19,
      22,
      168,
      2,
      70,
      164,
      31,
      3,
      118,
      100,
      63,
      143,
      1,
      20,
      4,
      68,
      163,
      62,
      3,
      2,
      37,
      28,
      169,
      98,
      150,
      87,
      116,
      121,
      60,
      124,
      1,
      177,
      86,
      142,
      131,
      91,
      105,
      19,
      22,
      168,
      2,
      70,
      164,
      31,
      3,
      118,
      71,
      21,
      9,
      133,
      48,
      113,
      158,
      107,
      42,
      169,
      98,
      150,
      63,
      175,
      58,
      152,
      44,
      142,
      79,
      117,
      44,
      142,
      79,
      117
    ],
    "objectives": [
      0.30448532651778804,
      -0.9361344537815126
    ],
    "quantity": 0.45081967213114754,
    "strategy": {
      "firstOperation": {
        "name": "All Operators",
        "successor": {
          "selection": {
            "selectionType": {
              "name": "Sequential"
            },
            "quantity": 8,
            "percentage": 0.0,
            "name": "Group Selection"
          },
          "executionType": {
            "name": "Conventional Execution"
          },
          "name": "Execute Operators",
          "successor": {
            "name": "Store Mutants"
          }
        }
      }
    }
  },
  {
    "variables": [
      36,
      134,
      130,
      169,
      2,
      15,
      0,
      165,
      73,
      17,
      111,
      147,
      63,
      66,
      136,
      93,
      163,
      67,
      122,
      55,
      132,
      155,
      102,
      98,
      172,
      170,
      109,
      161,
      12,
      120,
      44,
      147,
      119,
      118,
      100,
      63,
      151,
      178,
      66,
      164,
      117,
      50,
      79,
      70,
      63,
      175,
      58,
      152,
      136,
      93,
      0,
      52,
      58,
      23,
      3,
      50,
      70,
      7,
      148,
      91,
      6,
      130,
      36,
      73,
      78,
      30,
      154,
      23,
      3,
      50,
      84,
      70,
      58,
      23,
      3,
      36,
      134,
      51,
      19,
      22,
      168,
      2,
      70,
      164,
      73,
      171,
      30,
      154,
      23,
      3,
      50,
      84,
      70,
      135,
      23,
      3,
      36,
      134,
      51,
      19,
      22,
      168,
      2,
      70,
      164,
      31,
      3,
      118,
      100,
      63,
      143,
      1,
      20,
      4,
      68,
      163,
      62,
      3,
      2,
      151,
      143,
      1,
      20,
      4,
      68,
      163,
      67,
      122,
      24,
      132,
      155,
      73,
      142,
      67,
      59,
      144,
      24,
      128,
      1,
      138,
      24,
      177,
      86,
      142,
      131,
      91,
      105,
      19,
      112,
      131,
      148,
      23,
      15,
      54,
      35
    ],
    "objectives": [
      0.2854768133797714,
      -0.9327731092436975
    ],
    "quantity": 0.46721311475409844,
    "strategy": {
      "firstOperation": {
        "name": "All Operators",
        "successor": {
          "selection": {
            "selectionType": {
              "name": "Sequential"
            },
            "quantity": 5,
            "percentage": 0.0,
            "sorter": {
              "reversed": true,
              "name": "Sort Operator Groups by Mutant Quantity in Group"
            },
            "name": "Group Selection"
          },
          "executionType": {
            "name": "Conventional Execution"
          },
          "name": "Execute Operators",
          "successor": {
            "name": "Store Mutants"
          }
        }
      }
    }
  },
  {
    "variables": [
      144,
      50,
      70,
      7,
      148,
      91,
      6,
      5,
      36,
      73,
      171,
      30,
      154,
      23,
      3,
      50,
      84,
      70,
      58,
      23,
      3,
      36,
      134,
      51,
      19,
      22,
      168,
      2,
      70,
      164,
      31,
      3,
      30,
      100,
      63,
      143,
      1,
      20,
      4,
      68,
      163,
      62,
      3,
      2,
      37,
      28,
      169,
      98,
      150,
      87,
      116,
      121,
      60,
      48,
      1,
      177,
      86,
      142,
      131,
      91,
      105,
      19,
      22,
      168,
      2,
      70,
      164,
      31,
      3,
      118,
      100,
      36,
      73,
      78,
      30,
      154,
      23,
      3,
      50,
      84,
      70,
      58,
      23,
      3,
      36,
      134,
      121,
      19,
      22,
      168,
      2,
      70,
      164,
      31,
      3,
      12,
      120,
      44,
      147,
      116,
      118,
      100,
      63,
      151,
      178,
      0,
      164,
      117,
      50,
      79,
      70,
      63,
      175,
      58,
      152,
      88,
      142,
      169,
      98,
      150,
      87,
      111,
      25,
      133,
      77,
      86,
      59,
      125,
      151,
      69,
      171,
      55,
      178,
      119,
      73,
      58,
      107,
      175,
      133,
      20,
      74,
      39,
      61,
      34,
      127,
      23,
      28,
      169,
      84,
      70,
      58,
      23,
      3,
      36,
      134,
      51,
      19,
      22,
      168,
      2,
      70,
      58,
      23,
      41,
      36,
      134,
      51,
      19,
      22,
      97,
      2,
      3,
      164,
      31,
      3,
      118,
      100,
      63,
      151,
      178,
      66,
      20,
      87,
      50,
      4,
      88,
      134,
      100,
      30,
      39,
      95,
      137,
      133,
      128,
      134,
      143,
      91,
      177,
      173,
      52,
      89,
      91,
      49,
      92,
      15,
      72
    ],
    "objectives": [
      0.28237747455538914,
      -0.9159663865546218
    ],
    "quantity": 0.3819672131147541,
    "strategy": {
      "firstOperation": {
        "name": "All Operators",
        "successor": {
          "selection": {
            "selectionType": {
              "name": "Random"
            },
            "quantity": 5,
            "percentage": 0.0,
            "sorter": {
              "reversed": false,
              "name": "Sort Operator Groups by Mutant Quantity in Group"
            },
            "name": "Group Selection"
          },
          "executionType": {
            "name": "Conventional Execution"
          },
          "name": "Execute Operators",
          "successor": {
            "name": "Store Mutants"
          }
        }
      }
    }
  },
  {
    "variables": [
      144,
      50,
      70,
      7,
      148,
      91,
      6,
      5,
      36,
      73,
      171,
      30,
      154,
      23,
      3,
      50,
      84,
      70,
      58,
      23,
      3,
      36,
      134,
      51,
      19,
      22,
      168,
      2,
      70,
      164,
      31,
      3,
      118,
      100,
      63,
      143,
      1,
      20,
      4,
      68,
      163,
      62,
      3,
      2,
      37,
      28,
      169,
      98,
      150,
      87,
      116,
      121,
      60,
      48,
      1,
      177,
      86,
      142,
      131,
      91,
      105,
      19,
      22,
      168,
      2,
      70,
      164,
      31,
      3,
      118,
      100,
      63,
      151,
      178,
      66,
      164,
      72
    ],
    "objectives": [
      0.27911183130195727,
      -0.8638655462184875
    ],
    "quantity": 0.31311475409836065,
    "strategy": {
      "firstOperation": {
        "name": "All Operators",
        "successor": {
          "selection": {
            "selectionType": {
              "name": "Random"
            },
            "quantity": 5,
            "percentage": 0.0,
            "sorter": {
              "reversed": false,
              "name": "Sort Operator Groups by Mutant Quantity in Group"
            },
            "name": "Group Selection"
          },
          "executionType": {
            "name": "Conventional Execution"
          },
          "name": "Execute Operators",
          "successor": {
            "name": "Store Mutants"
          }
        }
      }
    }
  },
  {
    "variables": [
      148,
      110,
      139,
      163,
      50,
      23,
      70,
      63,
      175,
      112,
      152,
      44,
      142,
      102,
      115,
      20,
      139,
      27,
      18,
      72,
      83,
      63,
      149,
      158,
      70,
      72,
      64,
      57,
      83,
      12,
      120,
      44,
      147,
      131,
      118,
      100,
      63,
      151,
      178,
      66,
      164,
      27,
      18,
      72,
      83,
      63,
      51,
      15,
      53,
      94,
      71,
      84,
      10,
      153,
      51,
      15,
      53,
      94,
      71,
      119,
      139,
      34,
      14,
      167,
      72,
      65,
      103,
      100,
      3,
      158,
      63,
      58,
      23,
      3,
      36,
      134,
      51,
      19,
      22,
      168,
      2,
      70,
      164,
      31,
      3,
      118,
      100,
      63,
      143,
      1,
      20,
      4,
      68,
      163,
      96,
      122,
      24,
      132,
      155,
      73,
      142,
      67,
      59,
      144,
      136,
      172,
      169,
      38,
      95,
      97,
      116,
      171,
      59,
      27,
      167,
      100,
      125,
      127,
      161,
      15,
      0,
      165,
      73,
      17,
      101,
      147,
      63,
      122,
      122,
      104,
      95,
      142,
      95,
      142
    ],
    "objectives": [
      0.24727939516378875,
      -0.8571428571428571
    ],
    "quantity": 0.2459016393442623,
    "strategy": {
      "firstOperation": {
        "name": "All Operators",
        "successor": {
          "selection": {
            "selectionType": {
              "name": "LastToFirst"
            },
            "quantity": 0,
            "percentage": 1.0,
            "sorter": {
              "reversed": true,
              "name": "Sort Operator Groups by Mutant Quantity in Group"
            },
            "name": "Group Selection"
          },
          "executionType": {
            "name": "Conventional Execution"
          },
          "name": "Execute Operators",
          "successor": {
            "name": "Store Mutants"
          }
        }
      }
    }
  },
  {
    "variables": [
      148,
      110,
      139,
      117,
      50,
      79,
      70,
      63,
      175,
      58,
      152,
      44,
      142,
      169,
      98,
      150,
      87,
      59,
      27,
      167,
      100,
      125,
      127,
      161,
      15,
      0,
      165,
      73,
      17,
      152,
      44,
      142,
      79,
      117,
      70,
      40,
      67,
      122,
      24,
      132,
      20,
      156,
      16,
      69,
      45,
      19,
      71,
      110,
      9,
      133,
      51,
      102,
      158,
      107,
      42,
      107,
      150,
      87,
      127,
      23,
      84,
      10,
      153,
      51,
      15,
      119,
      16,
      112,
      131
    ],
    "objectives": [
      0.2450174754276314,
      -0.7445378151260504
    ],
    "quantity": 0.19836065573770495,
    "strategy": {
      "firstOperation": {
        "name": "All Operators",
        "successor": {
          "selection": {
            "selectionType": {
              "name": "Random"
            },
            "quantity": 0,
            "percentage": 0.8,
            "sorter": {
              "reversed": true,
              "name": "Sort Operator Groups by Mutant Quantity in Group"
            },
            "name": "Group Selection"
          },
          "executionType": {
            "name": "Conventional Execution"
          },
          "name": "Execute Operators",
          "successor": {
            "name": "Store Mutants"
          }
        }
      }
    }
  },
  {
    "variables": [
      148,
      110,
      139,
      117,
      50,
      79,
      70,
      63,
      175,
      58,
      152,
      44,
      142,
      169,
      103,
      150,
      87,
      111,
      25,
      133,
      61,
      86,
      59,
      125,
      151,
      69,
      171,
      55,
      178,
      119,
      73,
      58,
      17,
      175,
      133,
      64,
      57,
      83,
      12,
      120,
      44,
      147,
      116,
      118,
      100,
      145,
      151,
      178,
      66,
      164,
      72
    ],
    "objectives": [
      0.24440788310251263,
      -0.7428571428571429
    ],
    "quantity": 0.1901639344262295,
    "strategy": {
      "firstOperation": {
        "name": "All Operators",
        "successor": {
          "selection": {
            "selectionType": {
              "name": "Random"
            },
            "quantity": 0,
            "percentage": 0.8,
            "sorter": {
              "reversed": true,
              "name": "Sort Operator Groups by Mutant Quantity in Group"
            },
            "name": "Group Selection"
          },
          "executionType": {
            "name": "Conventional Execution"
          },
          "name": "Execute Operators",
          "successor": {
            "name": "Store Mutants"
          }
        }
      }
    }
  },
  {
    "variables": [
      148,
      110,
      139,
      117,
      50,
      79,
      70,
      63,
      156,
      58,
      152,
      44,
      142,
      169,
      98,
      150,
      87,
      166,
      25,
      133,
      77,
      86,
      59,
      125,
      151,
      69,
      171,
      55,
      178,
      119,
      73,
      58,
      107,
      175,
      133,
      20,
      74,
      34,
      93,
      79,
      163,
      137,
      86,
      30,
      157,
      148,
      103,
      170,
      109,
      161,
      71,
      93,
      145,
      53,
      16,
      112,
      131,
      148,
      139,
      34,
      107,
      167,
      154,
      2,
      37,
      28,
      169,
      98,
      150,
      87,
      127,
      156,
      16,
      69,
      45
    ],
    "objectives": [
      0.242921122171628,
      -0.7428571428571428
    ],
    "quantity": 0.1901639344262295,
    "strategy": {
      "firstOperation": {
        "name": "All Operators",
        "successor": {
          "selection": {
            "selectionType": {
              "name": "Random"
            },
            "quantity": 0,
            "percentage": 0.8,
            "sorter": {
              "reversed": false,
              "name": "Sort Operator Groups by Mutant Quantity in Group"
            },
            "name": "Group Selection"
          },
          "executionType": {
            "name": "Conventional Execution"
          },
          "name": "Execute Operators",
          "successor": {
            "name": "New Branch",
            "successor": {
              "selection": {
                "selectionType": {
                  "name": "LastToFirst"
                },
                "quantity": 0,
                "percentage": 0.2,
                "name": "Selection"
              },
              "name": "Discard Mutants",
              "successor": {
                "selection": {
                  "selectionType": {
                    "name": "LastToFirst"
                  },
                  "quantity": 0,
                  "percentage": 0.9,
                  "name": "Selection"
                },
                "name": "Discard Mutants",
                "successor": {
                  "name": "Store Mutants"
                }
              }
            },
            "secondSuccessor": {
              "name": "Store Mutants"
            }
          }
        }
      }
    }
  },
  {
    "variables": [
      36,
      134,
      130,
      169,
      2,
      15,
      0,
      165,
      73,
      169,
      111,
      147,
      63,
      66,
      136,
      93,
      0,
      52,
      58,
      23,
      3,
      50,
      70,
      7,
      148,
      91,
      6,
      5,
      36,
      2,
      37,
      28,
      169,
      98,
      150,
      87,
      127,
      23,
      84,
      10,
      153,
      51,
      121,
      78,
      30,
      154,
      23,
      3,
      50,
      79,
      70,
      63,
      175,
      129,
      152,
      44,
      142,
      79,
      117,
      165,
      19,
      135,
      107,
      102,
      4,
      80,
      60,
      164,
      46,
      2,
      93,
      164,
      107,
      135,
      15,
      105,
      165,
      73,
      169,
      111,
      147,
      63,
      66,
      165,
      146,
      29,
      122,
      122,
      104,
      95,
      142,
      81,
      153,
      51,
      104,
      78,
      30,
      154,
      23,
      156,
      50,
      120,
      102,
      115,
      20,
      139,
      27,
      55,
      72,
      83,
      63,
      149,
      158,
      70,
      90,
      64,
      57,
      87,
      12,
      120,
      135,
      147,
      116,
      118,
      100,
      63,
      151,
      178,
      66,
      164,
      72
    ],
    "objectives": [
      0.23209906172789602,
      -0.7193277310924371
    ],
    "quantity": 0.2360655737704918,
    "strategy": {
      "firstOperation": {
        "name": "All Operators",
        "successor": {
          "selection": {
            "selectionType": {
              "name": "Sequential"
            },
            "quantity": 1,
            "percentage": 0.0,
            "sorter": {
              "reversed": true,
              "name": "Sort Operator Groups by Mutant Quantity in Group"
            },
            "name": "Group Selection"
          },
          "executionType": {
            "name": "Conventional Execution"
          },
          "name": "Execute Operators",
          "successor": {
            "name": "Store Mutants"
          }
        }
      }
    }
  },
  {
    "variables": [
      36,
      134,
      130,
      169,
      2,
      15,
      0,
      165,
      73,
      169,
      111,
      147,
      63,
      66,
      136,
      96,
      0,
      52,
      58,
      23,
      3,
      50,
      70,
      164,
      148,
      91,
      6,
      5,
      36,
      73,
      78,
      30,
      154,
      23,
      3,
      50,
      84,
      70,
      58,
      23,
      3,
      36,
      134,
      51,
      19,
      22,
      168,
      2,
      70,
      164,
      31,
      3,
      118,
      100,
      134,
      130,
      169,
      2,
      15,
      0,
      165,
      73,
      169,
      111,
      147,
      63,
      66,
      136,
      93,
      0,
      52,
      58,
      23,
      3,
      50,
      70,
      7,
      148,
      91,
      6,
      5,
      36,
      73,
      78,
      30,
      154,
      23,
      3,
      50,
      84,
      70,
      58,
      23,
      3,
      36,
      134,
      51,
      19,
      22,
      97,
      2,
      3,
      164,
      31,
      3,
      118,
      100,
      63,
      151,
      178,
      66,
      164,
      87,
      50,
      4,
      88,
      134,
      100,
      30,
      39,
      95,
      137,
      133,
      128,
      134,
      143,
      91,
      177,
      173,
      52,
      89,
      91,
      49,
      92,
      22,
      72
    ],
    "objectives": [
      0.223897624017298,
      -0.6957983193277311
    ],
    "quantity": 0.19672131147540983,
    "strategy": {
      "firstOperation": {
        "name": "All Operators",
        "successor": {
          "selection": {
            "selectionType": {
              "name": "Sequential"
            },
            "quantity": 1,
            "percentage": 0.0,
            "sorter": {
              "reversed": true,
              "name": "Sort Operator Groups by Mutant Quantity in Group"
            },
            "name": "Group Selection"
          },
          "executionType": {
            "name": "Conventional Execution"
          },
          "name": "Execute Operators",
          "successor": {
            "selection": {
              "selectionType": {
                "name": "LastToFirst"
              },
              "quantity": 0,
              "percentage": 0.1,
              "sorter": {
                "reversed": false,
                "name": "Sort Operators by Mutant Quantity"
              },
              "name": "Selection"
            },
            "name": "Discard Operators",
            "successor": {
              "name": "New Branch",
              "successor": {
                "name": "Store Mutants"
              },
              "secondSuccessor": {
                "name": "Store Mutants"
              }
            }
          }
        }
      }
    }
  },
  {
    "variables": [
      36,
      134,
      130,
      169,
      2,
      15,
      0,
      165,
      73,
      169,
      111,
      147,
      63,
      66,
      136,
      93,
      0,
      52,
      58,
      23,
      3,
      50,
      70,
      7,
      148,
      91,
      6,
      5,
      36,
      73,
      78,
      30,
      154,
      23,
      3,
      50,
      84,
      70,
      58,
      23,
      3,
      36,
      134,
      51,
      19,
      22,
      168,
      2,
      70,
      164,
      31,
      3,
      118,
      100,
      87,
      70,
      90,
      64,
      34,
      83,
      12,
      120,
      44,
      154,
      23,
      3,
      50,
      84,
      70,
      63,
      175,
      58,
      152,
      44,
      142,
      79,
      117,
      70,
      40,
      67,
      122,
      24,
      132,
      20,
      156,
      16,
      69,
      45,
      19,
      71,
      132,
      9,
      133,
      51,
      113,
      158,
      173,
      42,
      169,
      98,
      150,
      87,
      127,
      23,
      84,
      10,
      83,
      7,
      69,
      171,
      55,
      178,
      119,
      73,
      58,
      107,
      175,
      133,
      20,
      74,
      39,
      79,
      34,
      93,
      79,
      170,
      137,
      86,
      30,
      157,
      148,
      103,
      175,
      79,
      120,
      102,
      115,
      20,
      139,
      27,
      55,
      97,
      83,
      63,
      102,
      158,
      70,
      90,
      64,
      57,
      83,
      12,
      120,
      44,
      147,
      116,
      118,
      100,
      63,
      151,
      178,
      66,
      164
    ],
    "objectives": [
      0.2165470147906233,
      -0.692436974789916
    ],
    "quantity": 0.21803278688524586,
    "strategy": {
      "firstOperation": {
        "name": "All Operators",
        "successor": {
          "selection": {
            "selectionType": {
              "name": "Sequential"
            },
            "quantity": 1,
            "percentage": 0.0,
            "sorter": {
              "reversed": true,
              "name": "Sort Operator Groups by Mutant Quantity in Group"
            },
            "name": "Group Selection"
          },
          "executionType": {
            "name": "Conventional Execution"
          },
          "name": "Execute Operators",
          "successor": {
            "name": "Store Mutants"
          }
        }
      }
    }
  },
  {
    "variables": [
      36,
      134,
      130,
      169,
      2,
      15,
      0,
      165,
      73,
      169,
      111,
      147,
      63,
      66,
      136,
      93,
      0,
      52,
      58,
      23,
      3,
      50,
      70,
      7,
      148,
      91,
      6,
      5,
      36,
      2,
      37,
      28,
      169,
      98,
      150,
      87,
      127,
      23,
      84,
      10,
      153,
      51,
      121,
      78,
      30,
      154,
      23,
      3,
      50,
      79,
      70,
      63,
      144,
      58,
      152,
      44,
      142,
      79,
      117,
      165,
      19,
      135,
      107,
      102,
      4,
      80,
      60,
      164,
      46,
      2,
      93,
      164,
      107,
      135,
      15,
      105,
      165,
      73,
      169,
      111,
      147,
      63,
      66,
      165,
      146,
      29,
      122,
      122,
      104,
      95,
      142,
      81,
      83,
      7,
      69,
      171,
      55,
      178,
      119,
      73,
      58,
      107,
      175,
      133,
      20,
      74,
      39,
      79,
      34,
      93,
      79,
      37,
      28,
      169,
      98,
      150,
      87,
      142,
      79,
      117
    ],
    "objectives": [
      0.19396382401660667,
      -0.6436974789915967
    ],
    "quantity": 0.17868852459016393,
    "strategy": {
      "firstOperation": {
        "name": "All Operators",
        "successor": {
          "selection": {
            "selectionType": {
              "name": "Sequential"
            },
            "quantity": 1,
            "percentage": 0.0,
            "sorter": {
              "reversed": true,
              "name": "Sort Operator Groups by Mutant Quantity in Group"
            },
            "name": "Group Selection"
          },
          "executionType": {
            "name": "Conventional Execution"
          },
          "name": "Execute Operators",
          "successor": {
            "name": "Store Mutants"
          }
        }
      }
    }
  },
  {
    "variables": [
      144,
      62,
      3,
      2,
      37,
      28,
      169,
      98,
      150,
      87,
      70,
      90,
      64,
      57,
      83,
      12,
      120,
      44,
      147,
      116,
      118,
      100,
      63,
      151,
      178,
      0,
      164,
      117,
      50,
      79,
      70,
      63,
      2,
      58,
      152,
      88,
      142,
      169,
      98,
      150,
      87,
      111,
      25,
      133,
      77,
      86,
      59,
      125,
      151,
      69,
      171,
      55,
      178,
      119,
      73,
      58,
      107,
      44,
      147,
      116,
      118,
      2,
      117,
      28,
      169,
      98,
      150,
      87,
      70
    ],
    "objectives": [
      0.1859385234054786,
      -0.5277310924369748
    ],
    "quantity": 0.09180327868852459,
    "strategy": {
      "firstOperation": {
        "name": "All Operators",
        "successor": {
          "selection": {
            "selectionType": {
              "name": "Random"
            },
            "quantity": 0,
            "percentage": 0.1,
            "sorter": {
              "reversed": false,
              "name": "Sort Operators by Mutant Quantity"
            },
            "name": "Selection"
          },
          "executionType": {
            "name": "Conventional Execution"
          },
          "name": "Execute Operators",
          "successor": {
            "name": "Store Mutants"
          }
        }
      }
    }
  },
  {
    "variables": [
      144,
      62,
      3,
      2,
      37,
      28,
      169,
      98,
      150,
      87,
      116,
      121,
      60,
      48,
      3,
      75,
      137,
      69,
      90,
      73,
      79,
      23,
      45,
      52,
      115,
      79,
      56,
      68,
      30,
      176,
      152,
      152,
      125,
      168,
      154,
      126,
      136,
      118,
      118,
      24,
      128,
      1,
      138,
      80,
      177,
      86,
      142,
      131,
      91,
      105,
      19,
      22,
      168,
      2,
      70,
      164,
      31,
      3,
      168,
      68,
      101,
      144,
      100,
      136,
      55,
      23,
      44,
      16,
      107,
      26,
      179,
      160,
      92,
      78,
      108,
      96,
      133,
      142,
      27,
      37,
      28,
      169,
      98,
      150,
      87,
      127,
      23,
      84,
      10,
      70,
      90,
      64,
      57,
      83,
      12,
      120,
      44,
      147,
      116,
      118,
      100,
      63,
      151,
      178,
      66,
      164,
      117,
      50,
      79,
      70,
      63,
      175,
      58,
      152,
      44,
      150,
      87,
      127,
      23,
      84,
      10,
      153
    ],
    "objectives": [
      0.15443709391204127,
      -0.45714285714285713
    ],
    "quantity": 0.07540983606557376,
    "strategy": {
      "firstOperation": {
        "name": "All Operators",
        "successor": {
          "selection": {
            "selectionType": {
              "name": "Random"
            },
            "quantity": 0,
            "percentage": 0.1,
            "sorter": {
              "reversed": false,
              "name": "Sort Operators by Mutant Quantity"
            },
            "name": "Selection"
          },
          "executionType": {
            "name": "Conventional Execution"
          },
          "name": "Execute Operators",
          "successor": {
            "name": "Store Mutants"
          }
        }
      }
    }
  },
  {
    "variables": [
      144,
      62,
      3,
      2,
      37,
      28,
      169,
      98,
      150,
      87,
      127,
      23,
      84,
      10,
      72,
      109,
      121,
      78,
      144,
      154,
      126,
      136,
      118,
      118,
      24,
      155,
      1,
      138,
      1,
      177,
      86,
      142,
      131,
      91,
      105,
      19,
      22,
      99,
      2,
      70,
      164,
      31,
      3,
      168,
      68,
      101,
      144,
      100,
      136,
      55,
      23,
      44,
      16,
      107,
      26,
      179,
      160,
      92,
      78,
      108,
      96,
      133,
      142,
      27,
      124,
      43,
      169,
      98,
      150,
      87,
      127,
      23,
      84,
      10,
      70,
      90,
      64,
      57,
      83,
      12,
      120,
      44,
      147,
      116,
      118,
      100,
      63,
      151,
      178,
      66,
      164,
      117,
      50,
      79,
      70,
      63,
      175,
      58,
      152,
      136,
      93,
      0,
      52,
      58,
      23,
      3,
      68,
      70,
      7,
      148,
      91,
      69,
      70,
      90,
      64,
      57,
      83,
      12,
      120,
      44,
      147,
      116,
      118,
      100,
      63,
      151,
      178,
      0,
      164,
      117,
      50,
      79,
      70,
      63,
      175,
      107,
      152,
      88,
      142,
      169,
      98,
      150,
      87,
      111,
      25,
      133,
      77,
      86,
      59,
      125,
      151,
      69,
      171,
      55,
      67,
      9,
      106,
      151,
      167,
      48,
      169,
      98,
      150,
      87,
      70,
      90,
      64,
      57,
      83,
      12,
      120,
      44,
      147,
      116,
      118,
      100,
      63,
      151,
      178,
      66,
      164,
      72
    ],
    "objectives": [
      0.14987076586862702,
      -0.4
    ],
    "quantity": 0.0721311475409836,
    "strategy": {
      "firstOperation": {
        "name": "All Operators",
        "successor": {
          "selection": {
            "selectionType": {
              "name": "Random"
            },
            "quantity": 0,
            "percentage": 0.1,
            "sorter": {
              "reversed": false,
              "name": "Sort Operators by Mutant Quantity"
            },
            "name": "Selection"
          },
          "executionType": {
            "name": "Conventional Execution"
          },
          "name": "Execute Operators",
          "successor": {
            "name": "Store Mutants"
          }
        }
      }
    }
  },
  {
    "variables": [
      144,
      62,
      3,
      2,
      37,
      28,
      169,
      98,
      150,
      87,
      70,
      90,
      64,
      57,
      83,
      12,
      120,
      44,
      147,
      116,
      118,
      100,
      63,
      151,
      178,
      0,
      164,
      117,
      50,
      79,
      70,
      63,
      175,
      58,
      152,
      88,
      142,
      169,
      98,
      150,
      87,
      111,
      25,
      133,
      77,
      86,
      59,
      125,
      151,
      69,
      171,
      55,
      40,
      119,
      73,
      58,
      107,
      175,
      133,
      20,
      74,
      39,
      79,
      34,
      127,
      23,
      28,
      169,
      98,
      150,
      87,
      127,
      145,
      151,
      178,
      66,
      164,
      72
    ],
    "objectives": [
      0.14779798043996648,
      -0.3596638655462185
    ],
    "quantity": 0.060655737704918035,
    "strategy": {
      "firstOperation": {
        "name": "All Operators",
        "successor": {
          "selection": {
            "selectionType": {
              "name": "Random"
            },
            "quantity": 0,
            "percentage": 0.1,
            "sorter": {
              "reversed": false,
              "name": "Sort Operators by Mutant Quantity"
            },
            "name": "Selection"
          },
          "executionType": {
            "name": "Conventional Execution"
          },
          "name": "Execute Operators",
          "successor": {
            "name": "Store Mutants"
          }
        }
      }
    }
  },
  {
    "variables": [
      144,
      62,
      3,
      2,
      37,
      28,
      169,
      98,
      150,
      87,
      142,
      79,
      117
    ],
    "objectives": [
      0.1455778578633308,
      -0.3529411764705882
    ],
    "quantity": 0.06885245901639345,
    "strategy": {
      "firstOperation": {
        "name": "All Operators",
        "successor": {
          "selection": {
            "selectionType": {
              "name": "Random"
            },
            "quantity": 0,
            "percentage": 0.1,
            "sorter": {
              "reversed": false,
              "name": "Sort Operators by Mutant Quantity"
            },
            "name": "Selection"
          },
          "executionType": {
            "name": "Conventional Execution"
          },
          "name": "Execute Operators",
          "successor": {
            "name": "Store Mutants"
          }
        }
      }
    }
  },
  {
    "variables": [
      36,
      134,
      130,
      169,
      2,
      15,
      0,
      165,
      73,
      169,
      111,
      147,
      63,
      66,
      136,
      93,
      0,
      52,
      58,
      23,
      3,
      50,
      70,
      7,
      148,
      91,
      6,
      5,
      36,
      73,
      78,
      30,
      154,
      23,
      3,
      50,
      84,
      70,
      58,
      23,
      3,
      36,
      134,
      51,
      19,
      22,
      168,
      2,
      70,
      164,
      31,
      3,
      118,
      100,
      63,
      143,
      1,
      20,
      4,
      68,
      163,
      67,
      122,
      24,
      132,
      155,
      73,
      142,
      67,
      59,
      144,
      136,
      172,
      169,
      38,
      77,
      103,
      116,
      171,
      59,
      27,
      66,
      164
    ],
    "objectives": [
      0.1259708016890653,
      -0.2957983193277311
    ],
    "quantity": 0.12459016393442623,
    "strategy": {
      "firstOperation": {
        "name": "All Operators",
        "successor": {
          "selection": {
            "selectionType": {
              "name": "Sequential"
            },
            "quantity": 1,
            "percentage": 0.0,
            "sorter": {
              "reversed": true,
              "name": "Sort Operator Groups by Mutant Quantity in Group"
            },
            "name": "Group Selection"
          },
          "executionType": {
            "name": "Conventional Execution"
          },
          "name": "Execute Operators",
          "successor": {
            "name": "Store Mutants"
          }
        }
      }
    }
  },
  {
    "variables": [
      144,
      62,
      3,
      2,
      37,
      28,
      169,
      98,
      150,
      139,
      117,
      50,
      79,
      132,
      63,
      175,
      58,
      152,
      44,
      142,
      79,
      117,
      70,
      163,
      67,
      9,
      70,
      63,
      175,
      58,
      152,
      44,
      142,
      79,
      117,
      44,
      127,
      23,
      32,
      93,
      0,
      134,
      58,
      23,
      3,
      36,
      134,
      51,
      2,
      37,
      91,
      91,
      118,
      63,
      111,
      48,
      132,
      155,
      102,
      98,
      172,
      170,
      109,
      161,
      71,
      93,
      145,
      119,
      16,
      112,
      86,
      148,
      23,
      15,
      54,
      35
    ],
    "objectives": [
      0.1148886707692193,
      -0.28403361344537814
    ],
    "quantity": 0.05737704918032786,
    "strategy": {
      "firstOperation": {
        "name": "All Operators",
        "successor": {
          "selection": {
            "selectionType": {
              "name": "Random"
            },
            "quantity": 0,
            "percentage": 0.1,
            "sorter": {
              "reversed": false,
              "name": "Sort Operators by Mutant Quantity"
            },
            "name": "Selection"
          },
          "executionType": {
            "name": "Conventional Execution"
          },
          "name": "Execute Operators",
          "successor": {
            "name": "Store Mutants"
          }
        }
      }
    }
  },
  {
    "variables": [
      144,
      62,
      3,
      2,
      37,
      28,
      169,
      98,
      150,
      87,
      70,
      90,
      64,
      57,
      83,
      12,
      120,
      44,
      147,
      116,
      118,
      100,
      63,
      151,
      178,
      0,
      164,
      117,
      50,
      79,
      70,
      63,
      175,
      107,
      152,
      88,
      142,
      169,
      98,
      150,
      87,
      111,
      25,
      133,
      77,
      86,
      59,
      125,
      151,
      69,
      171,
      55,
      67,
      9,
      106,
      151,
      167,
      48,
      169,
      98,
      150,
      87,
      70,
      90,
      64,
      57,
      83,
      12,
      120,
      44,
      147,
      116,
      118,
      100,
      63,
      151,
      178,
      66,
      164,
      72
    ],
    "objectives": [
      0.11402429327764456,
      -0.27563025210084036
    ],
    "quantity": 0.04918032786885246,
    "strategy": {
      "firstOperation": {
        "name": "All Operators",
        "successor": {
          "selection": {
            "selectionType": {
              "name": "Random"
            },
            "quantity": 0,
            "percentage": 0.1,
            "sorter": {
              "reversed": false,
              "name": "Sort Operators by Mutant Quantity"
            },
            "name": "Selection"
          },
          "executionType": {
            "name": "Conventional Execution"
          },
          "name": "Execute Operators",
          "successor": {
            "name": "Store Mutants"
          }
        }
      }
    }
  },
  {
    "variables": [
      144,
      62,
      3,
      2,
      37,
      28,
      169,
      98,
      150,
      87,
      127,
      23,
      84,
      83,
      63,
      149,
      158,
      70,
      90,
      64,
      57,
      83,
      12,
      120,
      44,
      147,
      70,
      150,
      67,
      114,
      82,
      89,
      151,
      143,
      1,
      20,
      4,
      68,
      163,
      67,
      122,
      24,
      132,
      155,
      73,
      142,
      67,
      59,
      144,
      136,
      172,
      169,
      38,
      95,
      97,
      116,
      171,
      59,
      27,
      167,
      100,
      125,
      127,
      161,
      15,
      0,
      165,
      73,
      169,
      101,
      147,
      63,
      122,
      122,
      104,
      95,
      142,
      95,
      142
    ],
    "objectives": [
      0.1121675141333834,
      -0.23361344537815126
    ],
    "quantity": 0.036065573770491806,
    "strategy": {
      "firstOperation": {
        "name": "All Operators",
        "successor": {
          "selection": {
            "selectionType": {
              "name": "Random"
            },
            "quantity": 0,
            "percentage": 0.1,
            "sorter": {
              "reversed": false,
              "name": "Sort Operators by Mutant Quantity"
            },
            "name": "Selection"
          },
          "executionType": {
            "name": "Conventional Execution"
          },
          "name": "Execute Operators",
          "successor": {
            "name": "Store Mutants"
          }
        }
      }
    }
  },
  {
    "variables": [
      144,
      62,
      3,
      2,
      37,
      28,
      169,
      98,
      150,
      87,
      127,
      23,
      84,
      10,
      153,
      51,
      121,
      78,
      23,
      84,
      93,
      98,
      150,
      87,
      127,
      156,
      16,
      69,
      45,
      19,
      71,
      21,
      9,
      133,
      51,
      113,
      158,
      107,
      42,
      107,
      147,
      148,
      110,
      139,
      117,
      50,
      79,
      70,
      63,
      175,
      58,
      152,
      44,
      142,
      79,
      87,
      127,
      23,
      84,
      10,
      153
    ],
    "objectives": [
      0.10773118476299075,
      -0.22857142857142856
    ],
    "quantity": 0.03770491803278688,
    "strategy": {
      "firstOperation": {
        "name": "All Operators",
        "successor": {
          "selection": {
            "selectionType": {
              "name": "Random"
            },
            "quantity": 0,
            "percentage": 0.1,
            "sorter": {
              "reversed": false,
              "name": "Sort Operators by Mutant Quantity"
            },
            "name": "Selection"
          },
          "executionType": {
            "name": "Conventional Execution"
          },
          "name": "Execute Operators",
          "successor": {
            "name": "Store Mutants"
          }
        }
      }
    }
  },
  {
    "variables": [
      144,
      44,
      3,
      2,
      37,
      28,
      169,
      98,
      150,
      87,
      70,
      90,
      64,
      57,
      83,
      12,
      120,
      44,
      154,
      23,
      3,
      50,
      84,
      70,
      63,
      98,
      150,
      87,
      127,
      23,
      84,
      10,
      153
    ],
    "objectives": [
      0.10567676163027404,
      -0.1596638655462185
    ],
    "quantity": 0.02459016393442623,
    "strategy": {
      "firstOperation": {
        "name": "All Operators",
        "successor": {
          "selection": {
            "selectionType": {
              "name": "Random"
            },
            "quantity": 0,
            "percentage": 0.1,
            "sorter": {
              "reversed": false,
              "name": "Sort Operators by Mutant Quantity"
            },
            "name": "Selection"
          },
          "executionType": {
            "name": "Conventional Execution"
          },
          "name": "Execute Operators",
          "successor": {
            "name": "Store Mutants"
          }
        }
      }
    }
  },
  {
    "variables": [
      144,
      62,
      3,
      2,
      37,
      28,
      169,
      98,
      150,
      87,
      70,
      90,
      64,
      57,
      83,
      12,
      120,
      44,
      154,
      23,
      3,
      50,
      84,
      70,
      63,
      175,
      58,
      152,
      44,
      142,
      79,
      117,
      70,
      40,
      67,
      122,
      24,
      132,
      20,
      156,
      16,
      69,
      45,
      19,
      71,
      21,
      9,
      133,
      51,
      113,
      158,
      107,
      42,
      169,
      98,
      150,
      87,
      127,
      23,
      84,
      10,
      153,
      51,
      104,
      78,
      30,
      154,
      23,
      156,
      50,
      120,
      102,
      115,
      20,
      139,
      27,
      55,
      72,
      83,
      63,
      149,
      158,
      70,
      90,
      64,
      57,
      83,
      12,
      120,
      44,
      147,
      116,
      118,
      100,
      63,
      151,
      178,
      66,
      164,
      72
    ],
    "objectives": [
      0.10388182393310538,
      -0.15798319327731092
    ],
    "quantity": 0.03770491803278688,
    "strategy": {
      "firstOperation": {
        "name": "All Operators",
        "successor": {
          "selection": {
            "selectionType": {
              "name": "Random"
            },
            "quantity": 0,
            "percentage": 0.1,
            "sorter": {
              "reversed": false,
              "name": "Sort Operators by Mutant Quantity"
            },
            "name": "Selection"
          },
          "executionType": {
            "name": "Conventional Execution"
          },
          "name": "Execute Operators",
          "successor": {
            "name": "Store Mutants"
          }
        }
      }
    }
  },
  {
    "variables": [
      144,
      144,
      62,
      3,
      2,
      37,
      28,
      169,
      98,
      150,
      87,
      127,
      23,
      84,
      83,
      63,
      149,
      158,
      70,
      90,
      64,
      57,
      83,
      12,
      152,
      44,
      142,
      79,
      117
    ],
    "objectives": [
      0.07932139549194334,
      -0.14621848739495796
    ],
    "quantity": 0.032786885245901634,
    "strategy": {
      "firstOperation": {
        "name": "All Operators",
        "successor": {
          "selection": {
            "selectionType": {
              "name": "Random"
            },
            "quantity": 3,
            "percentage": 0.0,
            "sorter": {
              "reversed": false,
              "name": "Sort Operator Groups by Mutant Quantity in Group"
            },
            "name": "Group Selection"
          },
          "name": "Select Operators",
          "successor": {
            "selection": {
              "selectionType": {
                "name": "Sequential"
              },
              "quantity": 0,
              "percentage": 0.4,
              "sorter": {
                "reversed": false,
                "name": "Sort Operator Groups by Mutant Quantity in Group"
              },
              "name": "Group Selection"
            },
            "name": "Discard Operators",
            "successor": {
              "selection": {
                "selectionType": {
                  "name": "Random"
                },
                "quantity": 0,
                "percentage": 0.5,
                "sorter": {
                  "reversed": true,
                  "name": "Sort Groups by Quantity in Group"
                },
                "name": "Group Selection"
              },
              "executionType": {
                "name": "Conventional Execution"
              },
              "name": "Execute Operators",
              "successor": {
                "selection": {
                  "selectionType": {
                    "name": "Random"
                  },
                  "quantity": 0,
                  "percentage": 0.1,
                  "sorter": {
                    "reversed": false,
                    "name": "Sort Operators by Mutant Quantity"
                  },
                  "name": "Selection"
                },
                "executionType": {
                  "name": "Conventional Execution"
                },
                "name": "Execute Operators",
                "successor": {
                  "name": "Store Mutants"
                }
              }
            }
          }
        }
      }
    }
  },
  {
    "variables": [
      144,
      62,
      3,
      2,
      37,
      28,
      169,
      98,
      150,
      87,
      70,
      90,
      64,
      57,
      83,
      12,
      120,
      44,
      154,
      23,
      3,
      50,
      84,
      70,
      63,
      175,
      58,
      152,
      44,
      142,
      79,
      117,
      70,
      40,
      67,
      122,
      24,
      132,
      20,
      156,
      16,
      69,
      45,
      19,
      71,
      3,
      72,
      37,
      28,
      169,
      98,
      150,
      87,
      127,
      23,
      84,
      83,
      63,
      149,
      158,
      70,
      90,
      64,
      57,
      83,
      12,
      120,
      44,
      147,
      116,
      118,
      44,
      142,
      79,
      117,
      70,
      40,
      67,
      122,
      24,
      132,
      20,
      156,
      16,
      69,
      45,
      19,
      71,
      3,
      72,
      37,
      28,
      169,
      98,
      150,
      87,
      127,
      23,
      84,
      83
    ],
    "objectives": [
      0.07828016289656775,
      -0.0907563025210084
    ],
    "quantity": 0.013114754098360656,
    "strategy": {
      "firstOperation": {
        "name": "All Operators",
        "successor": {
          "selection": {
            "selectionType": {
              "name": "Random"
            },
            "quantity": 0,
            "percentage": 0.1,
            "sorter": {
              "reversed": false,
              "name": "Sort Operators by Mutant Quantity"
            },
            "name": "Selection"
          },
          "executionType": {
            "name": "Conventional Execution"
          },
          "name": "Execute Operators",
          "successor": {
            "name": "Store Mutants"
          }
        }
      }
    }
  },
  {
    "variables": [
      144,
      62,
      3,
      2,
      37,
      28,
      169,
      98,
      150,
      87,
      70,
      90,
      64,
      57,
      83,
      12,
      120,
      44,
      147,
      116,
      118,
      100,
      63,
      151,
      178,
      0,
      164,
      117,
      50,
      79,
      70,
      63,
      175,
      58,
      152,
      88,
      142,
      169,
      98,
      150,
      87,
      111,
      25,
      133,
      77,
      86,
      59,
      125,
      151,
      69,
      171,
      55,
      178,
      119,
      73,
      58,
      107,
      175,
      133,
      20,
      74,
      39,
      61,
      34,
      127,
      23,
      28,
      169,
      84,
      70,
      58,
      23,
      3,
      36,
      134,
      51,
      19,
      22,
      168,
      2,
      70,
      58,
      23,
      3,
      36,
      134,
      51,
      19,
      22,
      97,
      2,
      3,
      164,
      31,
      3,
      118,
      100,
      63,
      151,
      178,
      66,
      164,
      87,
      50,
      4,
      88,
      134,
      100,
      30,
      39,
      95,
      137,
      133,
      128,
      134,
      143,
      91,
      177,
      173,
      52,
      89,
      91,
      49,
      92,
      22,
      72
    ],
    "objectives": [
      0.0740239794831592,
      -0.06890756302521009
    ],
    "quantity": 0.011475409836065573,
    "strategy": {
      "firstOperation": {
        "name": "All Operators",
        "successor": {
          "selection": {
            "selectionType": {
              "name": "Random"
            },
            "quantity": 0,
            "percentage": 0.1,
            "sorter": {
              "reversed": false,
              "name": "Sort Operators by Mutant Quantity"
            },
            "name": "Selection"
          },
          "executionType": {
            "name": "Conventional Execution"
          },
          "name": "Execute Operators",
          "successor": {
            "name": "Store Mutants"
          }
        }
      }
    }
  },
  {
    "variables": [
      144,
      44,
      3,
      2,
      37,
      28,
      169,
      98,
      150,
      87,
      70,
      90,
      64,
      57,
      83,
      12,
      120,
      3,
      2,
      37,
      28,
      169,
      98,
      150,
      87,
      142,
      79,
      117
    ],
    "objectives": [
      0.0698860540423245,
      -0.03865546218487395
    ],
    "quantity": 0.021311475409836064,
    "strategy": {
      "firstOperation": {
        "name": "All Operators",
        "successor": {
          "selection": {
            "selectionType": {
              "name": "Random"
            },
            "quantity": 0,
            "percentage": 0.1,
            "sorter": {
              "reversed": false,
              "name": "Sort Operators by Mutant Quantity"
            },
            "name": "Selection"
          },
          "executionType": {
            "name": "Conventional Execution"
          },
          "name": "Execute Operators",
          "successor": {
            "name": "Store Mutants"
          }
        }
      }
    }
  }
]}