{
    "session":"GE",
    "result": [
  {
    "variables": [
      124,
      125,
      22,
      171,
      124,
      37,
      16,
      40,
      84,
      159,
      22,
      75,
      17,
      118,
      174,
      127,
      179,
      110,
      12,
      67,
      179,
      142,
      114,
      55,
      148,
      148,
      40,
      84,
      167,
      146,
      81,
      158,
      44,
      132,
      154,
      143,
      164,
      149,
      0,
      81,
      76,
      116,
      90,
      59,
      18,
      107,
      99,
      170,
      86,
      30,
      126,
      178,
      144,
      167,
      48,
      6,
      109,
      51,
      147,
      96,
      43,
      7,
      16,
      17,
      60,
      143,
      106,
      165,
      144,
      56,
      51,
      63,
      34,
      102,
      98,
      80,
      36,
      62,
      47,
      42,
      150,
      11,
      54,
      46,
      90,
      131,
      125,
      51,
      119,
      77,
      111,
      68,
      45,
      72,
      179,
      146,
      116,
      117,
      169,
      22,
      100,
      72,
      108,
      123,
      37,
      107
    ],
    "objectives": [
      0.38374368705143735,
      -1.0
    ],
    "quantity": 0.7786885245901639,
    "strategy": {
      "firstOperation": {
        "name": "All Operators",
        "successor": {
          "selection": {
            "selectionType": {
              "name": "Random"
            },
            "quantity": 5,
            "percentage": 0.0,
            "sorter": {
              "reversed": false,
              "name": "Sort Groups by Quantity in Group"
            },
            "name": "Group Selection"
          },
          "executionType": {
            "name": "Conventional Execution"
          },
          "name": "Execute Operators",
          "successor": {
            "name": "Store Mutants"
          }
        }
      }
    }
  },
  {
    "variables": [
      164,
      26,
      176,
      155,
      58,
      147,
      81,
      155,
      128,
      45,
      166,
      159,
      47,
      86,
      167,
      119,
      170,
      46,
      119,
      64,
      29,
      84,
      76,
      2,
      173,
      23,
      61,
      115,
      149,
      23,
      158,
      147,
      84,
      115,
      21,
      110,
      170,
      90,
      74,
      18,
      84,
      73,
      40,
      178,
      43,
      107,
      81,
      33,
      171,
      54,
      13,
      172,
      86,
      79,
      173,
      96,
      106,
      60,
      135,
      87,
      77,
      176,
      122,
      155,
      131,
      144,
      54,
      6,
      164,
      46,
      71,
      71,
      3,
      68,
      24,
      13,
      125,
      12,
      84,
      91,
      57,
      173,
      171,
      12,
      119,
      86,
      20,
      16,
      16,
      174,
      9,
      105,
      146,
      29,
      10,
      55,
      55,
      82,
      107,
      154,
      133,
      49,
      48,
      71,
      132,
      84,
      160,
      51,
      37,
      2,
      52,
      18,
      112,
      32,
      172,
      173,
      123,
      37,
      107,
      99,
      68,
      86,
      30,
      126,
      178,
      144,
      39,
      164,
      157,
      26,
      149,
      53,
      74,
      120,
      177,
      1,
      166,
      148,
      111
    ],
    "objectives": [
      0.34148739042518145,
      -0.9831932773109242
    ],
    "quantity": 0.5491803278688525,
    "strategy": {
      "firstOperation": {
        "name": "All Operators",
        "successor": {
          "selection": {
            "selectionType": {
              "name": "Sequential"
            },
            "quantity": 8,
            "percentage": 0.0,
            "name": "Group Selection"
          },
          "executionType": {
            "name": "Conventional Execution"
          },
          "name": "Execute Operators",
          "successor": {
            "name": "Store Mutants"
          }
        }
      }
    }
  },
  {
    "variables": [
      164,
      26,
      176,
      155,
      114,
      139,
      98,
      80,
      36,
      62,
      2,
      87,
      63,
      122,
      6,
      25,
      20,
      57,
      102,
      135,
      42,
      4,
      39,
      99,
      78,
      47,
      51,
      21,
      53,
      70,
      21,
      81,
      25,
      99,
      31,
      72,
      90,
      16,
      178,
      67,
      147,
      147,
      146,
      20,
      46,
      119,
      64,
      29,
      84,
      76,
      2,
      173,
      23,
      94,
      25,
      70,
      174,
      14,
      140,
      8,
      125,
      173,
      102,
      28,
      127,
      159,
      82,
      142,
      164,
      39,
      8,
      159,
      5,
      50,
      167,
      31,
      72,
      1,
      69,
      116,
      29,
      19,
      114,
      93,
      102,
      98,
      94,
      100,
      76,
      98,
      33,
      37,
      54,
      51,
      93,
      55,
      31
    ],
    "objectives": [
      0.3241568743870852,
      -0.9663865546218486
    ],
    "quantity": 0.45245901639344266,
    "strategy": {
      "firstOperation": {
        "name": "All Operators",
        "successor": {
          "selection": {
            "selectionType": {
              "name": "Random"
            },
            "quantity": 7,
            "percentage": 0.0,
            "sorter": {
              "reversed": false,
              "name": "Sort Groups by Quantity in Group"
            },
            "name": "Group Selection"
          },
          "executionType": {
            "name": "Conventional Execution"
          },
          "name": "Execute Operators",
          "successor": {
            "selection": {
              "selectionType": {
                "name": "Sequential"
              },
              "quantity": 0,
              "percentage": 1.0,
              "sorter": {
                "reversed": true,
                "name": "Sort Mutants by Operator Type"
              },
              "name": "Selection"
            },
            "name": "Select Mutants",
            "successor": {
              "name": "New Branch",
              "successor": {
                "name": "Store Mutants"
              },
              "secondSuccessor": {
                "name": "Store Mutants"
              }
            }
          }
        }
      }
    }
  },
  {
    "variables": [
      68,
      152,
      56,
      152,
      38,
      41,
      25,
      143,
      53,
      134,
      48,
      63,
      109,
      106,
      168,
      46,
      26,
      23,
      24,
      140,
      41,
      144,
      133,
      15,
      22,
      25,
      73,
      69,
      88,
      86,
      8,
      177,
      41,
      108,
      44,
      26,
      31,
      128,
      60,
      10,
      179,
      30,
      129,
      26,
      97,
      92,
      133,
      130,
      1,
      66,
      78,
      111,
      166,
      71,
      39,
      8,
      45,
      8,
      125,
      173,
      45,
      176,
      53,
      109,
      53,
      109,
      132,
      100,
      61,
      117,
      152,
      34,
      145,
      152,
      169,
      160,
      59,
      17,
      179,
      68,
      136,
      8,
      48,
      70,
      11,
      169,
      1,
      77,
      115,
      16,
      39,
      84,
      69,
      22,
      75,
      17,
      118,
      174,
      127,
      179,
      110,
      12,
      67,
      179,
      73,
      90,
      25,
      102,
      125,
      132,
      107,
      63,
      21,
      156,
      170,
      160,
      148,
      58,
      70,
      116,
      157,
      55,
      9,
      28,
      69,
      89,
      37,
      95,
      131,
      121,
      134,
      37,
      166,
      67,
      19,
      121,
      29,
      49,
      142,
      125,
      138,
      32,
      3,
      107,
      7,
      25,
      44,
      85,
      161,
      156,
      176,
      45,
      58
    ],
    "objectives": [
      0.30841330507946696,
      -0.9495798319327731
    ],
    "quantity": 0.3524590163934426,
    "strategy": {
      "firstOperation": {
        "name": "All Operators",
        "successor": {
          "selection": {
            "selectionType": {
              "name": "LastToFirst"
            },
            "quantity": 6,
            "percentage": 0.0,
            "name": "Selection"
          },
          "executionType": {
            "name": "Conventional Execution"
          },
          "name": "Execute Operators",
          "successor": {
            "name": "Store Mutants"
          }
        }
      }
    }
  },
  {
    "variables": [
      136,
      54,
      72,
      88,
      146,
      140,
      89,
      79,
      3,
      28,
      32,
      136,
      54,
      72,
      88,
      146,
      140,
      89,
      79,
      3,
      28,
      32,
      34,
      7,
      121,
      36,
      62,
      2,
      42,
      98,
      148,
      76,
      42,
      145,
      163,
      130,
      170,
      147,
      30,
      128,
      75,
      105,
      63,
      84,
      67,
      168,
      81,
      63,
      118,
      38,
      17,
      51,
      130,
      67,
      142,
      90,
      103,
      18,
      84,
      73,
      40,
      178,
      43,
      107,
      81,
      33,
      171,
      54,
      135,
      172,
      86,
      5,
      50,
      167,
      31,
      101,
      1,
      69,
      116,
      29,
      19,
      114,
      93,
      102,
      98,
      94,
      100,
      76,
      98,
      33,
      37,
      54,
      51,
      93,
      55,
      31,
      28,
      39,
      164,
      70,
      125,
      142,
      38,
      106,
      139,
      154,
      44,
      160,
      81,
      116,
      112,
      32,
      172,
      173,
      123,
      37,
      107,
      99,
      68,
      86,
      30,
      126,
      70,
      144,
      39,
      164,
      157,
      26,
      149,
      53,
      74,
      120,
      177,
      1,
      166,
      148,
      111,
      28,
      94,
      3,
      47,
      99,
      66,
      136,
      145,
      36,
      133,
      60,
      68,
      86,
      6,
      126,
      178,
      4,
      148,
      90,
      6,
      133,
      15,
      59,
      18,
      84,
      73,
      40,
      178,
      43,
      107,
      81,
      33,
      171,
      54,
      13,
      155,
      51,
      147,
      96,
      43,
      7,
      16,
      17,
      60,
      143,
      106,
      165,
      144,
      56,
      51,
      63,
      155,
      114,
      108,
      160,
      4,
      160,
      90,
      6,
      133,
      15,
      59,
      18,
      84,
      73,
      40,
      178,
      43,
      107,
      81,
      33,
      171,
      54,
      13,
      155,
      51,
      147
    ],
    "objectives": [
      0.29112656630494155,
      -0.9159663865546218
    ],
    "quantity": 0.27049180327868855,
    "strategy": {
      "firstOperation": {
        "name": "All Operators",
        "successor": {
          "selection": {
            "selectionType": {
              "name": "LastToFirst"
            },
            "quantity": 4,
            "percentage": 0.0,
            "sorter": {
              "reversed": true,
              "name": "Sort Operators by Mutant Quantity"
            },
            "name": "Selection"
          },
          "name": "Select Operators",
          "successor": {
            "selection": {
              "selectionType": {
                "name": "Sequential"
              },
              "quantity": 10,
              "percentage": 0.0,
              "sorter": {
                "reversed": false,
                "name": "Sort Operators by Type"
              },
              "name": "Selection"
            },
            "executionType": {
              "name": "Conventional Execution"
            },
            "name": "Execute Operators",
            "successor": {
              "name": "Store Mutants"
            }
          }
        }
      }
    }
  },
  {
    "variables": [
      136,
      54,
      72,
      88,
      146,
      140,
      89,
      79,
      3,
      28,
      32,
      34,
      6,
      112,
      4,
      149,
      68,
      9,
      92,
      148,
      41,
      6,
      165,
      119,
      81,
      3,
      116,
      167,
      120,
      168,
      77,
      110,
      117,
      163,
      147,
      140,
      37,
      14,
      28,
      80,
      4,
      81,
      33,
      171,
      54,
      135,
      147,
      86,
      79,
      173,
      96,
      27,
      62,
      2,
      141,
      157,
      125,
      167,
      147,
      77,
      175,
      44,
      20,
      16,
      179,
      102,
      48,
      25,
      174,
      60,
      104,
      120,
      85,
      66,
      161,
      3,
      52,
      121,
      145,
      40,
      179,
      75
    ],
    "objectives": [
      0.28829582492833356,
      -0.892436974789916
    ],
    "quantity": 0.24918032786885247,
    "strategy": {
      "firstOperation": {
        "name": "All Operators",
        "successor": {
          "selection": {
            "selectionType": {
              "name": "LastToFirst"
            },
            "quantity": 4,
            "percentage": 0.0,
            "sorter": {
              "reversed": true,
              "name": "Sort Operators by Mutant Quantity"
            },
            "name": "Selection"
          },
          "name": "Select Operators",
          "successor": {
            "selection": {
              "selectionType": {
                "name": "Random"
              },
              "quantity": 10,
              "percentage": 0.0,
              "sorter": {
                "reversed": false,
                "name": "Sort Operators by Mutant Quantity"
              },
              "name": "Selection"
            },
            "executionType": {
              "name": "Conventional Execution"
            },
            "name": "Execute Operators",
            "successor": {
              "selection": {
                "selectionType": {
                  "name": "Sequential"
                },
                "quantity": 0,
                "percentage": 0.2,
                "name": "Selection"
              },
              "name": "Discard Operators",
              "successor": {
                "name": "Store Mutants"
              }
            }
          }
        }
      }
    }
  },
  {
    "variables": [
      164,
      26,
      176,
      155,
      34,
      102,
      98,
      80,
      135,
      162,
      170,
      108,
      137,
      150,
      62,
      119,
      92,
      159,
      70,
      35,
      149,
      68,
      168,
      92,
      116,
      41,
      135,
      165,
      119,
      81,
      3,
      19,
      114,
      93,
      102,
      98,
      94,
      100,
      76,
      98,
      33,
      37,
      54,
      51,
      31,
      63,
      1,
      69,
      116,
      82,
      8,
      10,
      24,
      157,
      104,
      38,
      176,
      122,
      34,
      133,
      169,
      72,
      94,
      3,
      47,
      99,
      66,
      136,
      145,
      160,
      10,
      83,
      60,
      73,
      102,
      25,
      86,
      67,
      170,
      147,
      5,
      128,
      2,
      1,
      127,
      1,
      121,
      39,
      175,
      73,
      69,
      115,
      86,
      69,
      88,
      147,
      30,
      128,
      75,
      105,
      132,
      104,
      31,
      146,
      168,
      80,
      22,
      7,
      121,
      145,
      40,
      179,
      75
    ],
    "objectives": [
      0.25927255943325045,
      -0.8151260504201681
    ],
    "quantity": 0.2459016393442623,
    "strategy": {
      "firstOperation": {
        "name": "All Operators",
        "successor": {
          "selection": {
            "selectionType": {
              "name": "Sequential"
            },
            "quantity": 3,
            "percentage": 0.0,
            "sorter": {
              "reversed": true,
              "name": "Sort Groups by Quantity in Group"
            },
            "name": "Group Selection"
          },
          "executionType": {
            "name": "Conventional Execution"
          },
          "name": "Execute Operators",
          "successor": {
            "name": "Store Mutants"
          }
        }
      }
    }
  },
  {
    "variables": [
      20,
      170,
      33,
      171,
      54,
      13,
      155,
      51,
      134,
      156,
      16,
      96,
      166,
      156,
      93,
      55,
      82,
      107,
      154,
      133,
      49,
      48,
      71,
      14,
      84,
      160,
      25,
      99,
      31,
      72,
      90,
      16,
      178,
      67,
      147,
      147,
      146,
      20,
      46,
      119,
      64,
      29,
      84,
      76,
      2,
      173,
      23,
      45,
      25,
      70,
      174,
      14,
      140,
      8,
      125,
      173,
      102,
      28,
      127,
      159,
      82,
      142,
      164,
      39,
      8,
      159,
      5,
      50,
      167,
      31,
      72,
      1,
      69,
      116,
      29,
      19,
      114,
      93,
      102,
      98,
      94,
      100,
      76,
      98,
      33,
      37,
      54,
      51,
      93,
      55,
      31
    ],
    "objectives": [
      0.2544892028290045,
      -0.8084033613445378
    ],
    "quantity": 0.2262295081967213,
    "strategy": {
      "firstOperation": {
        "name": "All Operators",
        "successor": {
          "selection": {
            "selectionType": {
              "name": "Random"
            },
            "quantity": 0,
            "percentage": 0.4,
            "name": "Group Selection"
          },
          "executionType": {
            "name": "Conventional Execution"
          },
          "name": "Execute Operators",
          "successor": {
            "name": "Store Mutants"
          }
        }
      }
    }
  },
  {
    "variables": [
      38,
      88,
      113,
      125,
      137,
      168,
      107,
      163,
      161,
      125,
      79,
      113,
      38,
      155,
      114,
      108,
      7,
      4,
      148,
      90,
      6,
      133,
      15,
      59,
      18,
      84,
      73,
      40,
      178,
      43,
      107,
      81,
      33,
      171,
      54,
      13,
      155,
      51,
      147,
      96,
      43,
      7,
      16,
      17,
      60,
      143,
      106,
      165,
      144,
      56,
      51,
      63,
      155,
      114,
      108,
      7,
      4,
      148,
      90,
      6,
      133,
      15,
      59,
      18,
      84,
      73,
      40,
      178,
      43,
      107,
      81,
      144,
      56,
      51,
      63,
      60,
      143,
      106,
      165,
      144
    ],
    "objectives": [
      0.2502000912514598,
      -0.8
    ],
    "quantity": 0.28524590163934427,
    "strategy": {
      "firstOperation": {
        "name": "All Operators",
        "successor": {
          "name": "New Branch",
          "successor": {
            "selection": {
              "selectionType": {
                "name": "LastToFirst"
              },
              "quantity": 0,
              "percentage": 0.4,
              "name": "Group Selection"
            },
            "executionType": {
              "name": "Conventional Execution"
            },
            "name": "Execute Operators",
            "successor": {
              "name": "Store Mutants"
            }
          },
          "secondSuccessor": {
            "name": "Store Mutants"
          }
        }
      }
    }
  },
  {
    "variables": [
      38,
      88,
      113,
      125,
      137,
      168,
      107,
      163,
      161,
      125,
      79,
      113,
      38,
      155,
      114,
      108,
      7,
      4,
      148,
      90,
      6,
      133,
      15,
      59,
      18,
      84,
      89,
      40,
      178,
      43,
      107,
      81,
      33,
      171,
      54,
      13,
      155,
      51,
      147,
      96,
      43,
      7,
      16,
      17,
      60,
      143,
      106,
      165,
      21,
      159,
      21,
      123,
      83,
      47,
      99,
      66,
      136,
      145,
      160,
      133,
      60,
      21,
      40,
      104,
      50,
      32,
      162,
      47,
      86,
      170,
      73,
      2,
      52,
      18,
      17,
      118,
      174,
      127,
      179,
      110,
      12,
      67,
      179,
      73,
      90,
      25,
      102,
      125,
      132,
      107,
      63,
      21,
      156,
      170,
      160,
      148,
      58,
      70,
      85,
      116,
      43,
      63,
      132,
      66,
      154,
      168,
      80,
      22,
      7,
      121,
      163,
      40,
      179,
      75
    ],
    "objectives": [
      0.24359657424079129,
      -0.7478991596638656
    ],
    "quantity": 0.21147540983606555,
    "strategy": {
      "firstOperation": {
        "name": "All Operators",
        "successor": {
          "name": "New Branch",
          "successor": {
            "selection": {
              "selectionType": {
                "name": "LastToFirst"
              },
              "quantity": 0,
              "percentage": 0.4,
              "name": "Group Selection"
            },
            "executionType": {
              "name": "Conventional Execution"
            },
            "name": "Execute Operators",
            "successor": {
              "name": "Store Mutants"
            }
          },
          "secondSuccessor": {
            "name": "Store Mutants"
          }
        }
      }
    }
  },
  {
    "variables": [
      38,
      88,
      113,
      125,
      137,
      168,
      107,
      163,
      161,
      125,
      79,
      113,
      38,
      155,
      114,
      108,
      7,
      4,
      148,
      90,
      6,
      133,
      15,
      59,
      18,
      84,
      89,
      40,
      178,
      43,
      107,
      81,
      33,
      171,
      54,
      13,
      155,
      81,
      33,
      171,
      54,
      135,
      147,
      96,
      43,
      7,
      16,
      17,
      60,
      143,
      106,
      165,
      144,
      56,
      51,
      63,
      155,
      114,
      108,
      7,
      4,
      148,
      90,
      6,
      133,
      15,
      59,
      18,
      84,
      73,
      40,
      178,
      43,
      107,
      81,
      33,
      156,
      93,
      55,
      162,
      167,
      154,
      133,
      49,
      48,
      71,
      114,
      179,
      38,
      36,
      46,
      166,
      119,
      136,
      1,
      71,
      54,
      160,
      110,
      146,
      61,
      134,
      156,
      16,
      161,
      166,
      156,
      93,
      43,
      82,
      107,
      154,
      133,
      49,
      48,
      71,
      14,
      84,
      160,
      51,
      37,
      2,
      52,
      18,
      112,
      32,
      172,
      173,
      123,
      37,
      107,
      99,
      68,
      86,
      30,
      126,
      178,
      144,
      39,
      164,
      157,
      26,
      149,
      53,
      74,
      120,
      135,
      1,
      166,
      148,
      111
    ],
    "objectives": [
      0.24323284488946836,
      -0.746218487394958
    ],
    "quantity": 0.22295081967213112,
    "strategy": {
      "firstOperation": {
        "name": "All Operators",
        "successor": {
          "name": "New Branch",
          "successor": {
            "selection": {
              "selectionType": {
                "name": "LastToFirst"
              },
              "quantity": 0,
              "percentage": 0.4,
              "name": "Group Selection"
            },
            "executionType": {
              "name": "Conventional Execution"
            },
            "name": "Execute Operators",
            "successor": {
              "name": "Store Mutants"
            }
          },
          "secondSuccessor": {
            "selection": {
              "selectionType": {
                "name": "Sequential"
              },
              "quantity": 0,
              "percentage": 0.7,
              "name": "Selection"
            },
            "name": "Discard Mutants",
            "successor": {
              "name": "Store Mutants"
            }
          }
        }
      }
    }
  },
  {
    "variables": [
      38,
      88,
      113,
      125,
      137,
      168,
      107,
      163,
      161,
      125,
      79,
      113,
      38,
      155,
      114,
      61,
      7,
      4,
      148,
      90,
      6,
      133,
      15,
      59,
      18,
      84,
      73,
      40,
      178,
      43,
      107,
      81,
      33,
      171,
      54,
      13,
      155,
      51,
      147,
      96,
      43,
      7,
      16,
      17,
      60,
      9,
      92,
      1,
      8,
      48,
      70,
      11,
      169,
      1,
      174,
      115,
      92,
      165,
      101,
      148,
      135,
      145,
      107,
      99,
      165,
      119,
      81,
      3,
      116,
      167,
      120,
      168,
      77,
      110,
      117,
      163,
      147,
      140,
      37,
      14,
      28,
      80,
      4,
      81,
      33,
      171,
      54,
      135,
      147,
      86,
      79,
      173,
      96,
      27,
      62,
      2,
      141,
      157,
      125,
      167,
      147,
      77,
      175,
      44,
      20,
      16,
      179,
      102,
      48,
      25,
      174,
      60,
      104,
      120,
      85,
      66,
      161,
      3,
      52,
      121,
      145,
      40,
      179,
      22
    ],
    "objectives": [
      0.2344142164780103,
      -0.7243697478991596
    ],
    "quantity": 0.2524590163934426,
    "strategy": {
      "firstOperation": {
        "name": "All Operators",
        "successor": {
          "name": "New Branch",
          "successor": {
            "selection": {
              "selectionType": {
                "name": "LastToFirst"
              },
              "quantity": 0,
              "percentage": 0.4,
              "name": "Group Selection"
            },
            "executionType": {
              "name": "Conventional Execution"
            },
            "name": "Execute Operators",
            "successor": {
              "name": "Store Mutants"
            }
          },
          "secondSuccessor": {
            "name": "Store Mutants"
          }
        }
      }
    }
  },
  {
    "variables": [
      38,
      88,
      113,
      125,
      137,
      168,
      107,
      163,
      161,
      125,
      79,
      113,
      38,
      155,
      114,
      108,
      7,
      4,
      148,
      90,
      6,
      133,
      15,
      59,
      18,
      129,
      73,
      40,
      178,
      43,
      107,
      81,
      33,
      171,
      54,
      13,
      155,
      51,
      147,
      96,
      43,
      7,
      16,
      17,
      60,
      143,
      106,
      165,
      21,
      159,
      21,
      123,
      83,
      47,
      99,
      66,
      136,
      145,
      160,
      133,
      60,
      25,
      40,
      104,
      50,
      32,
      162,
      47,
      86,
      170,
      73,
      2,
      52,
      18,
      112,
      32,
      172,
      173,
      123,
      37,
      107,
      94,
      88,
      146,
      140,
      89,
      79,
      3,
      28,
      32,
      34,
      152,
      56,
      39,
      8,
      159,
      174,
      14,
      140,
      8,
      125,
      173,
      102,
      28,
      127,
      159,
      82,
      142,
      164,
      39,
      8,
      159,
      5,
      50,
      167,
      31,
      72,
      1,
      69,
      116,
      29,
      19,
      114,
      93,
      102,
      98,
      94,
      100,
      76,
      98,
      33,
      37,
      54,
      51,
      93,
      55,
      31
    ],
    "objectives": [
      0.23367761309841395,
      -0.7126050420168067
    ],
    "quantity": 0.1819672131147541,
    "strategy": {
      "firstOperation": {
        "name": "All Operators",
        "successor": {
          "name": "New Branch",
          "successor": {
            "selection": {
              "selectionType": {
                "name": "LastToFirst"
              },
              "quantity": 0,
              "percentage": 0.4,
              "name": "Group Selection"
            },
            "executionType": {
              "name": "Conventional Execution"
            },
            "name": "Execute Operators",
            "successor": {
              "name": "Store Mutants"
            }
          },
          "secondSuccessor": {
            "name": "Store Mutants"
          }
        }
      }
    }
  },
  {
    "variables": [
      38,
      88,
      113,
      125,
      137,
      168,
      107,
      163,
      161,
      125,
      79,
      113,
      38,
      155,
      114,
      108,
      7,
      4,
      148,
      90,
      6,
      133,
      15,
      59,
      18,
      84,
      73,
      40,
      178,
      43,
      107,
      81,
      33,
      171,
      54,
      13,
      155,
      51,
      147,
      96,
      43,
      7,
      16,
      17,
      60,
      143,
      106,
      165,
      21,
      159,
      21,
      123,
      83,
      47,
      99,
      66,
      136,
      145,
      160,
      133,
      60,
      25,
      40,
      104,
      50,
      32,
      51,
      147,
      96,
      43,
      7,
      16,
      17,
      60,
      143,
      106,
      165,
      21,
      159,
      21,
      123,
      83,
      47,
      99,
      66,
      136,
      145,
      160,
      133,
      60,
      25,
      40,
      104,
      50,
      32,
      162,
      47,
      86,
      170,
      73,
      2,
      52,
      18,
      112,
      32,
      172,
      173,
      123,
      37,
      107,
      94,
      88,
      146,
      140,
      89,
      79,
      3,
      28,
      32,
      34,
      152,
      56,
      39,
      8,
      159,
      5,
      50,
      167,
      31,
      101,
      1,
      69,
      116,
      29,
      19,
      114,
      93,
      102,
      98,
      94,
      100,
      76,
      98,
      33,
      37,
      54,
      51,
      93,
      55,
      31,
      28,
      32,
      34,
      152,
      56,
      143,
      8,
      159
    ],
    "objectives": [
      0.2299941358276794,
      -0.6991596638655462
    ],
    "quantity": 0.20163934426229507,
    "strategy": {
      "firstOperation": {
        "name": "All Operators",
        "successor": {
          "name": "New Branch",
          "successor": {
            "selection": {
              "selectionType": {
                "name": "LastToFirst"
              },
              "quantity": 0,
              "percentage": 0.4,
              "name": "Group Selection"
            },
            "executionType": {
              "name": "Conventional Execution"
            },
            "name": "Execute Operators",
            "successor": {
              "name": "Store Mutants"
            }
          },
          "secondSuccessor": {
            "name": "Store Mutants"
          }
        }
      }
    }
  },
  {
    "variables": [
      152,
      38,
      41,
      111,
      178,
      8,
      70,
      125,
      142,
      149,
      80,
      21,
      159,
      21,
      123,
      83,
      47,
      99,
      66,
      136,
      145,
      160,
      133,
      60,
      25,
      40,
      104,
      50,
      32,
      162,
      47,
      86,
      170,
      73,
      2,
      52,
      128,
      112,
      32,
      172,
      133,
      23,
      25,
      40,
      104,
      50,
      32,
      168,
      47,
      86,
      170,
      73,
      80,
      52,
      18,
      112,
      32,
      172,
      173,
      123,
      37,
      107,
      99,
      68,
      86,
      30,
      126,
      178,
      144,
      39,
      164,
      157,
      26,
      149,
      53,
      74,
      120,
      119,
      80,
      58,
      45,
      9,
      48,
      16,
      123,
      168,
      84,
      25,
      98,
      29,
      149,
      161,
      148,
      49,
      130,
      158,
      112,
      95,
      18,
      91,
      76,
      2,
      44,
      136,
      150,
      11,
      54,
      46,
      90,
      131,
      125,
      53,
      119,
      73,
      130,
      170,
      147,
      30,
      128,
      75,
      105,
      132,
      104,
      31,
      44,
      168,
      80,
      22,
      7,
      121,
      145,
      40,
      179,
      75
    ],
    "objectives": [
      0.2259521118867617,
      -0.6974789915966386
    ],
    "quantity": 0.13934426229508196,
    "strategy": {
      "firstOperation": {
        "name": "All Operators",
        "successor": {
          "selection": {
            "selectionType": {
              "name": "LastToFirst"
            },
            "quantity": 0,
            "percentage": 0.4,
            "sorter": {
              "reversed": false,
              "name": "Sort Operator Groups by Mutant Quantity in Group"
            },
            "name": "Group Selection"
          },
          "executionType": {
            "name": "Conventional Execution"
          },
          "name": "Execute Operators",
          "successor": {
            "name": "Store Mutants"
          }
        }
      }
    }
  },
  {
    "variables": [
      136,
      54,
      72,
      88,
      146,
      140,
      89,
      79,
      3,
      28,
      32,
      34,
      7,
      121,
      36,
      62,
      2,
      42,
      98,
      148,
      76,
      42,
      145,
      163,
      130,
      170,
      147,
      30,
      128,
      75,
      105,
      63,
      84,
      67,
      168,
      81,
      63,
      118,
      38,
      17,
      51,
      130,
      67,
      142,
      90,
      103,
      18,
      84,
      73,
      40,
      178,
      43,
      107,
      81,
      33,
      171,
      54,
      135,
      172,
      86,
      79,
      173,
      96,
      63,
      62,
      2,
      141,
      157,
      125,
      167,
      147,
      77,
      175,
      44,
      20,
      72,
      88,
      146,
      140,
      89,
      79,
      3,
      38,
      155,
      114,
      108,
      7,
      4,
      148,
      90,
      6,
      133,
      15,
      59,
      18,
      84,
      73,
      40,
      178,
      43,
      107,
      81,
      33,
      171,
      54,
      13,
      155,
      51,
      147,
      96,
      43,
      7,
      16,
      17,
      60,
      143,
      106,
      165,
      144,
      56,
      51,
      63,
      155,
      114,
      108,
      7,
      4,
      148,
      90,
      6,
      133,
      15,
      59,
      18,
      84,
      73,
      40,
      178,
      43,
      107,
      81,
      33,
      156,
      93,
      55,
      82,
      167,
      154,
      114,
      108,
      7,
      4,
      148,
      90,
      6,
      133,
      15,
      59,
      18,
      84,
      73,
      40,
      178,
      43,
      107,
      81,
      33,
      171,
      54,
      13,
      155,
      51,
      147,
      96,
      43,
      7,
      16,
      17,
      60,
      143,
      106,
      165,
      144,
      56,
      51,
      63,
      155,
      114,
      156,
      7,
      4,
      148,
      90,
      6,
      133,
      15,
      59,
      18,
      84,
      73,
      40,
      178,
      43,
      107,
      81,
      33,
      156,
      93,
      55,
      82,
      167,
      154,
      133,
      49,
      48,
      71,
      114,
      179,
      38,
      36,
      46,
      166,
      119,
      92,
      1,
      8,
      48,
      70,
      11,
      169,
      1,
      174,
      115,
      92,
      165,
      101,
      148,
      135,
      145,
      102,
      25,
      86,
      67,
      170,
      147,
      5,
      128,
      2,
      1,
      170,
      73,
      2,
      52,
      18,
      112,
      58,
      172,
      173,
      123,
      37,
      107,
      99,
      68,
      86,
      30,
      126,
      178,
      144,
      167,
      48,
      6,
      109,
      51,
      147,
      96,
      43,
      7,
      16,
      17,
      60,
      143,
      106,
      165,
      144,
      56,
      51,
      63,
      34,
      102,
      98,
      80,
      36,
      62,
      47,
      42,
      150,
      11,
      54,
      46,
      90,
      131,
      125,
      51,
      119,
      77,
      111,
      89,
      45,
      110,
      179,
      146,
      116,
      117,
      169,
      22,
      100,
      72,
      108,
      123,
      37,
      107
    ],
    "objectives": [
      0.2253900595338698,
      -0.638655462184874
    ],
    "quantity": 0.13114754098360654,
    "strategy": {
      "firstOperation": {
        "name": "All Operators",
        "successor": {
          "selection": {
            "selectionType": {
              "name": "LastToFirst"
            },
            "quantity": 4,
            "percentage": 0.0,
            "sorter": {
              "reversed": true,
              "name": "Sort Operators by Mutant Quantity"
            },
            "name": "Selection"
          },
          "name": "Select Operators",
          "successor": {
            "selection": {
              "selectionType": {
                "name": "Sequential"
              },
              "quantity": 1,
              "percentage": 0.0,
              "sorter": {
                "reversed": false,
                "name": "Sort Groups by Quantity in Group"
              },
              "name": "Group Selection"
            },
            "executionType": {
              "name": "Conventional Execution"
            },
            "name": "Execute Operators",
            "successor": {
              "name": "Store Mutants"
            }
          }
        }
      }
    }
  },
  {
    "variables": [
      38,
      88,
      113,
      125,
      137,
      168,
      107,
      163,
      161,
      125,
      79,
      113,
      38,
      155,
      114,
      108,
      7,
      4,
      148,
      90,
      6,
      133,
      15,
      59,
      18,
      84,
      73,
      40,
      178,
      43,
      107,
      81,
      33,
      171,
      54,
      13,
      155,
      51,
      147,
      96,
      43,
      7,
      16,
      17,
      60,
      143,
      106,
      165,
      21,
      159,
      21,
      123,
      83,
      47,
      99,
      66,
      136,
      145,
      160,
      133,
      60,
      25,
      40,
      104,
      50,
      32,
      162,
      47,
      86,
      170,
      73,
      2,
      52,
      18,
      112,
      32,
      172,
      173,
      123,
      37,
      107,
      94,
      88,
      146,
      140,
      89,
      79,
      3,
      28,
      32,
      34,
      152,
      56,
      39,
      8,
      159,
      5,
      50,
      167,
      31,
      101,
      1,
      69,
      116,
      29,
      19,
      114,
      93,
      102,
      98,
      94,
      100,
      76,
      98,
      33,
      37,
      54,
      51,
      93,
      55,
      31,
      28,
      32,
      34,
      152,
      56,
      143,
      8,
      159
    ],
    "objectives": [
      0.22128058400934303,
      -0.6319327731092438
    ],
    "quantity": 0.23442622950819675,
    "strategy": {
      "firstOperation": {
        "name": "All Operators",
        "successor": {
          "name": "New Branch",
          "successor": {
            "selection": {
              "selectionType": {
                "name": "LastToFirst"
              },
              "quantity": 0,
              "percentage": 0.4,
              "name": "Group Selection"
            },
            "executionType": {
              "name": "Conventional Execution"
            },
            "name": "Execute Operators",
            "successor": {
              "name": "Store Mutants"
            }
          },
          "secondSuccessor": {
            "name": "Store Mutants"
          }
        }
      }
    }
  },
  {
    "variables": [
      20,
      170,
      74,
      133,
      169,
      72,
      94,
      3,
      47,
      99,
      66,
      136,
      145,
      160,
      10,
      83,
      60,
      73,
      102,
      25,
      86,
      67,
      170,
      147,
      5,
      128,
      2,
      1,
      170,
      73,
      2,
      52,
      18,
      112,
      58,
      172,
      173,
      123,
      37,
      107,
      99,
      68,
      86,
      30,
      154,
      44,
      160,
      81,
      116,
      112,
      32,
      172,
      173,
      123,
      37,
      107,
      99,
      68,
      86,
      30,
      126,
      178,
      144,
      39,
      164,
      157,
      26,
      149,
      53,
      74,
      120,
      177,
      1,
      166,
      148,
      111,
      28,
      94,
      3,
      47,
      99,
      66,
      136,
      145,
      160,
      133,
      60,
      68,
      86,
      30,
      126,
      178,
      4,
      148,
      96,
      6,
      133,
      15,
      59,
      18,
      84,
      73,
      40,
      178,
      43,
      107,
      81,
      33,
      171,
      54,
      13,
      155,
      51,
      147,
      96,
      43,
      7,
      16,
      17,
      60,
      143,
      106,
      165,
      144,
      56,
      51,
      63,
      155,
      114,
      167
    ],
    "objectives": [
      0.22023703755992954,
      -0.6168067226890755
    ],
    "quantity": 0.12295081967213113,
    "strategy": {
      "firstOperation": {
        "name": "All Operators",
        "successor": {
          "selection": {
            "selectionType": {
              "name": "Sequential"
            },
            "quantity": 1,
            "percentage": 0.0,
            "sorter": {
              "reversed": true,
              "name": "Sort Operator Groups by Mutant Quantity in Group"
            },
            "name": "Group Selection"
          },
          "executionType": {
            "name": "Conventional Execution"
          },
          "name": "Execute Operators",
          "successor": {
            "name": "Store Mutants"
          }
        }
      }
    }
  },
  {
    "variables": [
      164,
      26,
      176,
      155,
      114,
      114,
      98,
      0,
      52,
      161,
      148,
      49,
      130,
      158,
      112,
      78,
      0,
      147,
      55,
      16,
      26,
      109,
      72,
      43,
      153,
      139,
      163,
      153,
      2,
      106,
      110,
      51,
      23,
      5,
      8,
      78,
      135,
      115,
      100,
      154,
      94,
      152,
      133,
      169,
      72,
      94,
      3,
      47,
      99,
      66,
      136,
      145,
      160,
      133,
      60,
      25,
      40,
      104,
      50,
      107,
      63,
      21,
      110,
      170,
      90,
      74,
      18,
      84,
      73,
      40,
      178,
      43,
      107,
      81,
      33,
      171,
      54,
      13,
      172,
      86,
      79,
      173,
      96,
      106,
      60,
      135,
      87,
      77,
      176,
      122,
      155,
      21,
      110,
      170,
      90,
      74,
      18,
      84,
      73,
      40,
      178,
      43,
      125,
      81,
      33,
      171,
      54,
      13,
      172,
      86,
      79,
      173,
      96,
      106,
      60,
      135,
      87,
      77,
      176,
      122,
      155,
      131,
      144,
      54,
      6,
      164,
      46,
      71,
      71,
      3,
      68,
      24,
      13,
      125,
      12,
      84,
      91,
      57,
      173,
      171,
      12,
      119,
      94,
      20,
      16,
      16,
      174,
      9,
      105,
      146,
      29,
      10,
      55,
      55,
      82,
      107,
      154,
      133,
      144,
      48,
      71,
      14,
      84,
      160,
      149,
      68,
      9,
      92,
      148,
      41,
      6,
      165,
      119,
      81,
      3,
      116,
      167,
      120,
      168,
      77,
      110,
      117,
      163,
      147,
      140,
      37,
      14,
      28,
      80,
      4,
      81,
      33,
      171,
      54,
      135,
      147,
      86,
      79,
      173,
      96,
      27,
      62,
      2,
      141,
      157,
      125,
      167,
      147,
      77,
      175,
      44,
      20,
      16,
      179,
      102,
      48,
      25,
      174,
      60,
      104,
      120,
      85,
      66,
      161,
      3,
      52,
      121,
      145,
      40,
      179,
      75
    ],
    "objectives": [
      0.21228805327824113,
      -0.5815126050420169
    ],
    "quantity": 0.19672131147540983,
    "strategy": {
      "firstOperation": {
        "name": "All Operators",
        "successor": {
          "selection": {
            "selectionType": {
              "name": "Sequential"
            },
            "quantity": 1,
            "percentage": 0.0,
            "sorter": {
              "reversed": false,
              "name": "Sort Groups by Quantity in Group"
            },
            "name": "Group Selection"
          },
          "executionType": {
            "name": "Conventional Execution"
          },
          "name": "Execute Operators",
          "successor": {
            "name": "Store Mutants"
          }
        }
      }
    }
  },
  {
    "variables": [
      164,
      26,
      176,
      155,
      114,
      114,
      98,
      0,
      52,
      161,
      148,
      49,
      130,
      158,
      112,
      78,
      0,
      147,
      55,
      16,
      26,
      109,
      72,
      43,
      153,
      139,
      163,
      153,
      2,
      106,
      110,
      51,
      23,
      5,
      8,
      78,
      135,
      115,
      100,
      154,
      94,
      152,
      133,
      169,
      72,
      94,
      3,
      47,
      99,
      66,
      136,
      145,
      160,
      133,
      60,
      25,
      40,
      104,
      50,
      107,
      63,
      21,
      110,
      170,
      90,
      74,
      18,
      84,
      73,
      40,
      178,
      43,
      107,
      81,
      33,
      171,
      54,
      13,
      172,
      86,
      79,
      173,
      96,
      106,
      60,
      135,
      87,
      77,
      176,
      122,
      155,
      21,
      110,
      170,
      90,
      74,
      18,
      84,
      73,
      40,
      178,
      43,
      125,
      81,
      33,
      171,
      54,
      13,
      172,
      86,
      79,
      173,
      96,
      106,
      60,
      135,
      87,
      38,
      176,
      122,
      34,
      133,
      169,
      72,
      94,
      3,
      47,
      99,
      66,
      136,
      145,
      160,
      10,
      83,
      60,
      73,
      102,
      25,
      86,
      67,
      170,
      147,
      5,
      128,
      2,
      1,
      127,
      1,
      121,
      39,
      175,
      73,
      165,
      115,
      86,
      69,
      88,
      147,
      30,
      128,
      75,
      105,
      132,
      104,
      31,
      146,
      168,
      80,
      22,
      7,
      121,
      145,
      40,
      179,
      75
    ],
    "objectives": [
      0.20858249904141327,
      -0.5647058823529412
    ],
    "quantity": 0.20163934426229507,
    "strategy": {
      "firstOperation": {
        "name": "All Operators",
        "successor": {
          "selection": {
            "selectionType": {
              "name": "Sequential"
            },
            "quantity": 1,
            "percentage": 0.0,
            "sorter": {
              "reversed": false,
              "name": "Sort Groups by Quantity in Group"
            },
            "name": "Group Selection"
          },
          "executionType": {
            "name": "Conventional Execution"
          },
          "name": "Execute Operators",
          "successor": {
            "name": "Store Mutants"
          }
        }
      }
    }
  },
  {
    "variables": [
      20,
      170,
      163,
      133,
      169,
      72,
      130,
      3,
      47,
      19,
      66,
      136,
      145,
      160,
      133,
      23,
      25,
      40,
      104,
      50,
      32,
      168,
      47,
      86,
      170,
      73,
      80,
      52,
      18,
      112,
      32,
      172,
      173,
      123,
      37,
      107,
      99,
      68,
      86,
      30,
      126,
      178,
      144,
      39,
      164,
      157,
      26,
      149,
      53,
      74,
      120,
      119,
      80,
      58,
      45,
      9,
      48,
      16,
      123,
      168,
      84,
      25,
      98,
      29,
      149,
      161,
      148,
      49,
      130,
      158,
      112,
      95,
      18,
      91,
      128,
      75,
      105,
      63,
      84,
      67,
      168,
      81,
      63
    ],
    "objectives": [
      0.20637371427830048,
      -0.5596638655462185
    ],
    "quantity": 0.10327868852459017,
    "strategy": {
      "firstOperation": {
        "name": "All Operators",
        "successor": {
          "selection": {
            "selectionType": {
              "name": "Sequential"
            },
            "quantity": 0,
            "percentage": 0.4,
            "sorter": {
              "reversed": true,
              "name": "Sort Operator Groups by Mutant Quantity in Group"
            },
            "name": "Group Selection"
          },
          "executionType": {
            "name": "Conventional Execution"
          },
          "name": "Execute Operators",
          "successor": {
            "name": "Store Mutants"
          }
        }
      }
    }
  },
  {
    "variables": [
      164,
      26,
      176,
      155,
      114,
      114,
      98,
      0,
      52,
      161,
      148,
      49,
      130,
      158,
      112,
      162,
      0,
      147,
      55,
      16,
      26,
      109,
      72,
      43,
      153,
      139,
      163,
      153,
      2,
      106,
      110,
      51,
      23,
      5,
      8,
      63,
      135,
      115,
      100,
      35,
      94,
      25,
      70,
      174,
      14,
      45,
      8,
      125,
      173,
      102,
      31,
      127,
      159,
      82,
      142,
      26,
      39,
      8,
      159,
      5,
      50,
      167,
      31,
      63,
      1,
      69,
      145,
      163,
      130,
      170,
      147,
      30,
      128,
      75,
      105,
      63,
      84,
      67,
      168,
      81,
      63
    ],
    "objectives": [
      0.20114902063718518,
      -0.5512605042016807
    ],
    "quantity": 0.09836065573770492,
    "strategy": {
      "firstOperation": {
        "name": "All Operators",
        "successor": {
          "selection": {
            "selectionType": {
              "name": "Sequential"
            },
            "quantity": 1,
            "percentage": 0.0,
            "sorter": {
              "reversed": false,
              "name": "Sort Groups by Quantity in Group"
            },
            "name": "Group Selection"
          },
          "executionType": {
            "name": "Conventional Execution"
          },
          "name": "Execute Operators",
          "successor": {
            "name": "Store Mutants"
          }
        }
      }
    }
  },
  {
    "variables": [
      164,
      26,
      176,
      155,
      114,
      114,
      98,
      0,
      52,
      161,
      148,
      49,
      130,
      158,
      112,
      162,
      0,
      147,
      55,
      16,
      26,
      39,
      170,
      147,
      30,
      128,
      162,
      105,
      63,
      84,
      67,
      168,
      81,
      63,
      118,
      38,
      17,
      51,
      130,
      67,
      142,
      90,
      103,
      18,
      84,
      73,
      40,
      178,
      43,
      107,
      81,
      33,
      171,
      54,
      135,
      172,
      86,
      79,
      173,
      96,
      55,
      82,
      107,
      154,
      133,
      49,
      48,
      71,
      121,
      84,
      160,
      51,
      25,
      2,
      52,
      18,
      112,
      32,
      172,
      173,
      123,
      37,
      107,
      99,
      45,
      86,
      30,
      126,
      178,
      144,
      39,
      164,
      157,
      26,
      149,
      53,
      74,
      120,
      177,
      1,
      166,
      148,
      111
    ],
    "objectives": [
      0.19297219369499988,
      -0.5445378151260505
    ],
    "quantity": 0.09672131147540983,
    "strategy": {
      "firstOperation": {
        "name": "All Operators",
        "successor": {
          "selection": {
            "selectionType": {
              "name": "Sequential"
            },
            "quantity": 1,
            "percentage": 0.0,
            "sorter": {
              "reversed": false,
              "name": "Sort Groups by Quantity in Group"
            },
            "name": "Group Selection"
          },
          "executionType": {
            "name": "Conventional Execution"
          },
          "name": "Execute Operators",
          "successor": {
            "name": "Store Mutants"
          }
        }
      }
    }
  },
  {
    "variables": [
      20,
      170,
      74,
      133,
      169,
      72,
      94,
      3,
      47,
      99,
      66,
      136,
      145,
      160,
      10,
      83,
      60,
      73,
      102,
      25,
      86,
      67,
      170,
      147,
      5,
      128,
      2,
      1,
      170,
      73,
      2,
      52,
      18,
      112,
      58,
      172,
      173,
      123,
      37,
      107,
      99,
      68,
      86,
      30,
      126,
      178,
      144,
      167,
      48,
      6,
      109,
      51,
      147,
      96,
      43,
      7,
      16,
      17,
      60,
      143,
      106,
      165,
      144,
      56,
      51,
      63,
      34,
      102,
      98,
      80,
      36,
      62,
      47,
      42,
      150,
      11,
      54,
      46,
      90,
      131,
      125,
      51,
      119,
      77,
      111,
      89,
      45,
      110,
      179,
      146,
      116,
      117,
      169,
      22,
      100,
      72,
      108,
      123,
      37,
      107
    ],
    "objectives": [
      0.19045926995065432,
      -0.5260504201680672
    ],
    "quantity": 0.09180327868852459,
    "strategy": {
      "firstOperation": {
        "name": "All Operators",
        "successor": {
          "selection": {
            "selectionType": {
              "name": "Sequential"
            },
            "quantity": 1,
            "percentage": 0.0,
            "sorter": {
              "reversed": true,
              "name": "Sort Operator Groups by Mutant Quantity in Group"
            },
            "name": "Group Selection"
          },
          "executionType": {
            "name": "Conventional Execution"
          },
          "name": "Execute Operators",
          "successor": {
            "name": "Store Mutants"
          }
        }
      }
    }
  },
  {
    "variables": [
      20,
      31,
      63,
      1,
      69,
      116,
      91,
      8,
      10,
      24,
      157,
      104,
      38,
      176,
      122,
      34,
      133,
      169,
      72,
      94,
      3,
      47,
      99,
      66,
      136,
      145,
      160,
      10,
      83,
      60,
      73,
      102,
      25,
      86,
      67,
      170,
      147,
      5,
      128,
      2,
      1,
      127,
      1,
      121,
      39,
      175,
      73,
      69,
      115,
      86,
      69,
      88,
      147,
      30,
      128,
      75,
      105,
      132,
      104,
      31,
      146,
      168,
      80,
      22,
      7,
      121,
      145,
      40,
      179,
      75
    ],
    "objectives": [
      0.180504950785804,
      -0.5176470588235293
    ],
    "quantity": 0.07377049180327869,
    "strategy": {
      "firstOperation": {
        "name": "All Operators",
        "successor": {
          "selection": {
            "selectionType": {
              "name": "LastToFirst"
            },
            "quantity": 0,
            "percentage": 0.9,
            "name": "Group Selection"
          },
          "name": "Discard Operators",
          "successor": {
            "selection": {
              "selectionType": {
                "name": "Sequential"
              },
              "quantity": 1,
              "percentage": 0.0,
              "sorter": {
                "reversed": true,
                "name": "Sort Operator Groups by Mutant Quantity in Group"
              },
              "name": "Group Selection"
            },
            "executionType": {
              "name": "Conventional Execution"
            },
            "name": "Execute Operators",
            "successor": {
              "name": "Store Mutants"
            }
          }
        }
      }
    }
  },
  {
    "variables": [
      164,
      113,
      176,
      155,
      114,
      114,
      98,
      0,
      52,
      161,
      148,
      49,
      130,
      158,
      112,
      162,
      0,
      147,
      55,
      16,
      26,
      39,
      170,
      147,
      30,
      128,
      162,
      105,
      63,
      84,
      67,
      168,
      81,
      63,
      118,
      38,
      17,
      51,
      130,
      67,
      142,
      90,
      103,
      18,
      84,
      73,
      40,
      178,
      43,
      107,
      81,
      33,
      171,
      54,
      135,
      172,
      92,
      79,
      173,
      96,
      55,
      82,
      107,
      154,
      133,
      49,
      48,
      71,
      121,
      84,
      160,
      51,
      25,
      2,
      52,
      163,
      130,
      170,
      147,
      30,
      128,
      75,
      105,
      63,
      84,
      67,
      168,
      81,
      63,
      118,
      38,
      17,
      51,
      130,
      67,
      142,
      90,
      103,
      18,
      84,
      73,
      40,
      178,
      43,
      107,
      81,
      33,
      171,
      54,
      135,
      172,
      86,
      79,
      173,
      96,
      63,
      27,
      2,
      141,
      157,
      125,
      167,
      147,
      77,
      175,
      44,
      20,
      72,
      88,
      146,
      140,
      89,
      79,
      3,
      28,
      32,
      34,
      7,
      121,
      36,
      62,
      2,
      42,
      98,
      148,
      76,
      42,
      145,
      163,
      130,
      170,
      33,
      30,
      128,
      75,
      105,
      63,
      84,
      67,
      168,
      81,
      63,
      118,
      38,
      17,
      51,
      130,
      67,
      142,
      90,
      103,
      18,
      84,
      73,
      40,
      178,
      43,
      107,
      81,
      33,
      171,
      54,
      135,
      57,
      86,
      79,
      173,
      96,
      63,
      62,
      2,
      141,
      157,
      125,
      167,
      147,
      77,
      175,
      44,
      20,
      16,
      179,
      102,
      48,
      20,
      140,
      85,
      116,
      43,
      63,
      132,
      66,
      154,
      168,
      80,
      22,
      7,
      121,
      145,
      40,
      179,
      75
    ],
    "objectives": [
      0.1666276907653899,
      -0.5092436974789916
    ],
    "quantity": 0.08688524590163935,
    "strategy": {
      "firstOperation": {
        "name": "All Operators",
        "successor": {
          "selection": {
            "selectionType": {
              "name": "Sequential"
            },
            "quantity": 1,
            "percentage": 0.0,
            "sorter": {
              "reversed": false,
              "name": "Sort Groups by Quantity in Group"
            },
            "name": "Group Selection"
          },
          "executionType": {
            "name": "Conventional Execution"
          },
          "name": "Execute Operators",
          "successor": {
            "name": "Store Mutants"
          }
        }
      }
    }
  },
  {
    "variables": [
      164,
      26,
      176,
      155,
      114,
      114,
      98,
      0,
      52,
      161,
      148,
      49,
      130,
      158,
      112,
      162,
      0,
      147,
      131,
      16,
      26,
      109,
      72,
      43,
      153,
      139,
      163,
      153,
      2,
      106,
      110,
      51,
      23,
      5,
      8,
      78,
      160,
      110,
      146,
      61,
      134,
      156,
      16,
      161,
      166,
      156,
      93,
      55,
      82,
      107,
      154,
      133,
      49,
      48,
      71,
      14,
      84,
      160,
      51,
      37,
      2,
      52,
      18,
      112,
      32,
      172,
      173,
      123,
      37,
      107,
      99,
      68,
      86,
      30,
      126,
      178,
      144,
      39,
      164,
      157,
      26,
      149,
      53,
      86,
      32,
      34,
      152,
      56,
      152,
      38,
      63,
      16,
      26,
      109,
      72,
      43,
      153,
      139,
      163,
      153,
      2,
      106,
      110,
      51,
      23,
      5,
      8,
      1,
      69,
      116,
      29,
      19,
      114,
      100,
      76,
      98,
      33,
      159,
      82,
      142,
      164,
      39,
      8,
      132,
      104,
      67,
      154,
      168,
      80,
      22,
      7,
      121,
      145,
      40,
      179,
      75,
      50,
      167
    ],
    "objectives": [
      0.16331434621244706,
      -0.4134453781512605
    ],
    "quantity": 0.07377049180327869,
    "strategy": {
      "firstOperation": {
        "name": "All Operators",
        "successor": {
          "selection": {
            "selectionType": {
              "name": "Sequential"
            },
            "quantity": 1,
            "percentage": 0.0,
            "sorter": {
              "reversed": false,
              "name": "Sort Groups by Quantity in Group"
            },
            "name": "Group Selection"
          },
          "executionType": {
            "name": "Conventional Execution"
          },
          "name": "Execute Operators",
          "successor": {
            "name": "Store Mutants"
          }
        }
      }
    }
  },
  {
    "variables": [
      164,
      26,
      176,
      155,
      114,
      114,
      98,
      0,
      52,
      161,
      148,
      49,
      130,
      158,
      112,
      162,
      0,
      147,
      72,
      16,
      26,
      109,
      72,
      43,
      153,
      139,
      163,
      153,
      2,
      106,
      110,
      51,
      23,
      5,
      8,
      1,
      69,
      116,
      29,
      19,
      114,
      100,
      76,
      98,
      33,
      159,
      82,
      142,
      164,
      39,
      8,
      132,
      104,
      67,
      154,
      168,
      80,
      22,
      7,
      121,
      135,
      42,
      4,
      39,
      99,
      78,
      47,
      51,
      21,
      53,
      70,
      21,
      81,
      25,
      99,
      31,
      72,
      90,
      16,
      178,
      67,
      147,
      147,
      146,
      20,
      46,
      119,
      64,
      29,
      84,
      76,
      2,
      173,
      23,
      45,
      25,
      70,
      174,
      14,
      140,
      8,
      125,
      173,
      102,
      28,
      127,
      159,
      82,
      142,
      164,
      39,
      8,
      159,
      5,
      50,
      167,
      31,
      72,
      1,
      69,
      116,
      29,
      19,
      114,
      93,
      102,
      98,
      94,
      100,
      76,
      98,
      33,
      37,
      54,
      51,
      93,
      55,
      31
    ],
    "objectives": [
      0.1494921774647677,
      -0.40672268907563025
    ],
    "quantity": 0.0721311475409836,
    "strategy": {
      "firstOperation": {
        "name": "All Operators",
        "successor": {
          "selection": {
            "selectionType": {
              "name": "Sequential"
            },
            "quantity": 1,
            "percentage": 0.0,
            "sorter": {
              "reversed": false,
              "name": "Sort Groups by Quantity in Group"
            },
            "name": "Group Selection"
          },
          "executionType": {
            "name": "Conventional Execution"
          },
          "name": "Execute Operators",
          "successor": {
            "name": "Store Mutants"
          }
        }
      }
    }
  },
  {
    "variables": [
      136,
      54,
      72,
      88,
      146,
      140,
      89,
      79,
      3,
      28,
      32,
      34,
      7,
      121,
      36,
      62,
      2,
      42,
      98,
      148,
      76,
      42,
      145,
      163,
      130,
      170,
      147,
      30,
      128,
      75,
      105,
      63,
      84,
      67,
      168,
      81,
      63,
      118,
      38,
      17,
      51,
      130,
      67,
      142,
      90,
      103,
      18,
      84,
      73,
      40,
      178,
      43,
      107,
      81,
      33,
      171,
      54,
      135,
      172,
      86,
      5,
      50,
      167,
      31,
      101,
      1,
      69,
      116,
      29,
      19,
      114,
      93,
      102,
      98,
      94,
      100,
      76,
      98,
      33,
      37,
      54,
      51,
      93,
      55,
      31,
      28,
      39,
      164,
      70,
      125,
      142,
      38,
      106,
      139,
      154,
      44,
      160,
      81,
      116,
      112,
      32,
      172,
      173,
      123,
      37,
      107,
      99,
      68,
      86,
      30,
      126,
      178,
      144,
      39,
      164,
      157,
      26,
      149,
      53,
      74,
      120,
      177,
      1,
      166,
      148,
      111,
      28,
      94,
      3,
      47,
      99,
      66,
      136,
      145,
      36,
      133,
      60,
      68,
      86,
      6,
      126,
      178,
      4,
      148,
      90,
      6,
      133,
      15,
      59,
      18,
      84,
      73,
      40,
      178,
      43,
      107,
      81,
      33,
      171,
      54,
      13,
      155,
      51,
      147,
      96,
      43,
      7,
      16,
      17,
      60,
      143,
      106,
      165,
      144,
      56,
      51,
      63,
      155,
      114,
      108,
      160,
      4,
      160,
      90,
      6,
      133,
      15,
      59,
      18,
      84,
      73,
      40,
      178,
      43,
      107,
      81,
      33,
      171,
      54,
      13,
      155,
      51,
      147
    ],
    "objectives": [
      0.12804304820053894,
      -0.319327731092437
    ],
    "quantity": 0.06557377049180327,
    "strategy": {
      "firstOperation": {
        "name": "All Operators",
        "successor": {
          "selection": {
            "selectionType": {
              "name": "LastToFirst"
            },
            "quantity": 4,
            "percentage": 0.0,
            "sorter": {
              "reversed": true,
              "name": "Sort Operators by Mutant Quantity"
            },
            "name": "Selection"
          },
          "name": "Select Operators",
          "successor": {
            "selection": {
              "selectionType": {
                "name": "Sequential"
              },
              "quantity": 1,
              "percentage": 0.0,
              "sorter": {
                "reversed": false,
                "name": "Sort Groups by Quantity in Group"
              },
              "name": "Group Selection"
            },
            "executionType": {
              "name": "Conventional Execution"
            },
            "name": "Execute Operators",
            "successor": {
              "name": "Store Mutants"
            }
          }
        }
      }
    }
  },
  {
    "variables": [
      164,
      26,
      176,
      155,
      114,
      114,
      98,
      0,
      52,
      161,
      148,
      49,
      130,
      158,
      112,
      162,
      0,
      147,
      55,
      16,
      26,
      39,
      170,
      126,
      178,
      144,
      39,
      164,
      157,
      26,
      149,
      53,
      74,
      120,
      177,
      1,
      166,
      148,
      111,
      28,
      94,
      3,
      47,
      99,
      66,
      136,
      145,
      160,
      133,
      60,
      68,
      86,
      30,
      126,
      178,
      4,
      148,
      90,
      6,
      133,
      15,
      59,
      18,
      84,
      73,
      40,
      178,
      43,
      107,
      81,
      33,
      171,
      54,
      13,
      155,
      148,
      147,
      96,
      43,
      7,
      16,
      17,
      60,
      143,
      106,
      165,
      144,
      56,
      51,
      63,
      155,
      114,
      116,
      91,
      8,
      10,
      24,
      157,
      104,
      42,
      176,
      122,
      34,
      126,
      76,
      23,
      166,
      75,
      11,
      176,
      140,
      159,
      47,
      86,
      153,
      72,
      88,
      146,
      140,
      89,
      79,
      3,
      28,
      32,
      34,
      152,
      56,
      39,
      8,
      159,
      5,
      50,
      167,
      31,
      101,
      1,
      69,
      116,
      29,
      19,
      114,
      110,
      102,
      98,
      94,
      100,
      76,
      98,
      145,
      160,
      133,
      60,
      68,
      86,
      30,
      126,
      178,
      4,
      148,
      37,
      6,
      133,
      15,
      59,
      18,
      84,
      73,
      40,
      178,
      43,
      107,
      81,
      33,
      171,
      54,
      13,
      155,
      51,
      147,
      96,
      43,
      139,
      16,
      17,
      60,
      143,
      106,
      165,
      144,
      56,
      51,
      63,
      155,
      114,
      108,
      7,
      4,
      148,
      90,
      6,
      133,
      15,
      59,
      18,
      84,
      73,
      40,
      178,
      43,
      107,
      81,
      33,
      171,
      54,
      13,
      155,
      51,
      134,
      156,
      16,
      161,
      166,
      156,
      93,
      55,
      82,
      107,
      154,
      133,
      49,
      48,
      71,
      14,
      84,
      160,
      51,
      37,
      170,
      160,
      148,
      58,
      70,
      85,
      116,
      43,
      63,
      132,
      66,
      154,
      35,
      94,
      25,
      70,
      174,
      14,
      45,
      8,
      17,
      173,
      102,
      31,
      127,
      115,
      145,
      163,
      130,
      170,
      165,
      30,
      128,
      75,
      105,
      160,
      51,
      37,
      2,
      52,
      18,
      112,
      32,
      172,
      173,
      123,
      37,
      107,
      99,
      68,
      86,
      30,
      126,
      178,
      144,
      39,
      164,
      157,
      26,
      149,
      53,
      74,
      120,
      177,
      1,
      166,
      148,
      111
    ],
    "objectives": [
      0.1160947221123799,
      -0.27563025210084036
    ],
    "quantity": 0.04918032786885246,
    "strategy": {
      "firstOperation": {
        "name": "All Operators",
        "successor": {
          "selection": {
            "selectionType": {
              "name": "Sequential"
            },
            "quantity": 1,
            "percentage": 0.0,
            "sorter": {
              "reversed": false,
              "name": "Sort Groups by Quantity in Group"
            },
            "name": "Group Selection"
          },
          "executionType": {
            "name": "Conventional Execution"
          },
          "name": "Execute Operators",
          "successor": {
            "name": "Store Mutants"
          }
        }
      }
    }
  },
  {
    "variables": [
      20,
      170,
      163,
      133,
      169,
      72,
      130,
      3,
      47,
      99,
      66,
      136,
      145,
      160,
      133,
      23,
      25,
      40,
      104,
      50,
      32,
      168,
      47,
      86,
      170,
      73,
      80,
      52,
      18,
      112,
      32,
      172,
      173,
      123,
      37,
      107,
      99,
      68,
      86,
      30,
      126,
      178,
      144,
      39,
      164,
      157,
      26,
      149,
      53,
      74,
      120,
      119,
      80,
      58,
      45,
      9,
      48,
      16,
      123,
      168,
      84,
      25,
      98,
      29,
      149,
      161,
      148,
      49,
      130,
      158,
      112,
      95,
      18,
      91,
      76,
      2,
      44,
      136,
      150,
      11,
      54,
      46,
      90,
      131,
      125,
      53,
      119,
      73,
      130,
      170,
      147,
      30,
      128,
      75,
      105,
      132,
      104,
      31,
      44,
      168,
      80,
      22,
      7,
      121,
      145,
      40,
      179,
      75
    ],
    "objectives": [
      0.11511968052363075,
      -0.2403361344537815
    ],
    "quantity": 0.036065573770491806,
    "strategy": {
      "firstOperation": {
        "name": "All Operators",
        "successor": {
          "selection": {
            "selectionType": {
              "name": "Sequential"
            },
            "quantity": 0,
            "percentage": 0.4,
            "sorter": {
              "reversed": true,
              "name": "Sort Operator Groups by Mutant Quantity in Group"
            },
            "name": "Group Selection"
          },
          "executionType": {
            "name": "Conventional Execution"
          },
          "name": "Execute Operators",
          "successor": {
            "name": "Store Mutants"
          }
        }
      }
    }
  },
  {
    "variables": [
      164,
      26,
      176,
      155,
      114,
      114,
      98,
      0,
      52,
      161,
      148,
      49,
      130,
      158,
      112,
      162,
      0,
      147,
      72,
      16,
      26,
      109,
      72,
      43,
      153,
      139,
      163,
      153,
      2,
      106,
      110,
      51,
      23,
      5,
      8,
      1,
      69,
      116,
      29,
      19,
      114,
      3,
      76,
      98,
      33,
      159,
      82,
      142,
      164,
      39,
      8,
      132,
      159,
      5,
      50,
      167,
      31,
      116,
      1,
      69,
      116,
      29,
      82,
      114,
      100,
      76,
      98,
      33,
      159,
      82,
      142,
      164,
      39,
      8,
      159,
      5,
      50,
      167,
      31,
      63,
      1,
      69,
      116,
      91,
      162,
      0,
      117,
      55,
      16,
      26,
      39,
      170,
      126,
      178,
      144,
      39,
      164,
      157,
      26,
      149,
      53,
      74,
      120,
      177,
      1,
      166,
      148,
      111,
      28,
      94,
      3,
      47,
      99,
      66,
      136,
      145,
      160,
      133,
      60,
      68,
      86,
      30,
      126,
      178,
      4,
      148,
      90,
      6,
      133,
      15,
      59,
      18,
      84,
      73,
      40,
      178,
      43,
      107,
      81,
      33,
      171,
      54,
      13,
      155,
      148,
      147,
      96,
      43,
      7,
      16,
      17,
      60,
      143,
      106,
      165,
      144,
      56,
      51,
      63,
      155,
      114,
      116,
      91,
      8,
      10,
      24,
      157,
      104,
      38,
      176,
      122,
      34,
      126,
      76,
      23,
      166,
      75,
      11,
      176,
      176,
      53,
      109,
      53,
      77,
      132,
      100,
      61,
      117,
      152,
      34,
      145,
      152,
      169,
      160,
      59,
      17,
      179,
      68,
      136,
      8,
      48,
      70,
      11,
      169,
      1,
      77,
      115,
      16,
      39,
      84,
      69,
      22,
      75,
      17,
      118,
      174,
      127,
      179,
      110,
      12,
      67,
      179,
      73,
      90,
      25,
      102,
      125,
      132,
      107,
      63,
      21,
      156,
      170,
      160,
      148,
      58,
      70,
      116,
      157,
      55,
      9,
      28,
      69,
      89,
      37,
      95,
      131,
      121,
      134,
      61,
      166,
      67,
      19,
      121,
      29,
      49,
      142,
      125,
      138,
      32,
      3,
      107,
      7,
      25,
      44,
      85,
      161,
      156,
      176,
      45,
      58
    ],
    "objectives": [
      0.106106837588654,
      -0.23361344537815124
    ],
    "quantity": 0.03770491803278688,
    "strategy": {
      "firstOperation": {
        "name": "All Operators",
        "successor": {
          "selection": {
            "selectionType": {
              "name": "Sequential"
            },
            "quantity": 1,
            "percentage": 0.0,
            "sorter": {
              "reversed": false,
              "name": "Sort Groups by Quantity in Group"
            },
            "name": "Group Selection"
          },
          "executionType": {
            "name": "Conventional Execution"
          },
          "name": "Execute Operators",
          "successor": {
            "name": "Store Mutants"
          }
        }
      }
    }
  },
  {
    "variables": [
      136,
      54,
      72,
      88,
      146,
      140,
      89,
      79,
      32,
      28,
      32,
      47,
      99,
      66,
      136,
      145,
      160,
      133,
      60,
      25,
      40,
      104,
      50,
      107,
      149,
      53,
      74,
      120,
      119,
      80,
      58,
      45,
      9,
      48,
      16,
      123,
      168,
      84,
      25,
      98,
      29,
      149,
      161,
      148,
      49,
      130,
      158,
      112,
      95,
      18,
      91,
      76,
      2,
      44,
      136,
      150,
      11,
      54,
      46,
      90,
      131,
      125,
      53,
      119,
      73,
      130,
      170,
      147,
      30,
      128,
      75,
      105,
      132,
      104,
      31,
      44,
      168,
      80,
      22,
      7,
      121,
      145,
      40,
      179,
      75
    ],
    "objectives": [
      0.06620049275230293,
      -0.18319327731092436
    ],
    "quantity": 0.05409836065573771,
    "strategy": {
      "firstOperation": {
        "name": "All Operators",
        "successor": {
          "selection": {
            "selectionType": {
              "name": "LastToFirst"
            },
            "quantity": 3,
            "percentage": 0.0,
            "sorter": {
              "reversed": true,
              "name": "Sort Operators by Mutant Quantity"
            },
            "name": "Selection"
          },
          "name": "Select Operators",
          "successor": {
            "selection": {
              "selectionType": {
                "name": "Random"
              },
              "quantity": 0,
              "percentage": 0.5,
              "name": "Group Selection"
            },
            "executionType": {
              "name": "Conventional Execution"
            },
            "name": "Execute Operators",
            "successor": {
              "selection": {
                "selectionType": {
                  "name": "Random"
                },
                "quantity": 0,
                "percentage": 0.4,
                "sorter": {
                  "reversed": true,
                  "name": "Sort Operators by Mutant Quantity"
                },
                "name": "Selection"
              },
              "name": "Select Operators",
              "successor": {
                "name": "Store Mutants"
              }
            }
          }
        }
      }
    }
  },
  {
    "variables": [
      20,
      31,
      63,
      1,
      69,
      116,
      0,
      52,
      161,
      148,
      49,
      130,
      158,
      112,
      162,
      0,
      147,
      55,
      16,
      26,
      109,
      72,
      43,
      153,
      139,
      163,
      153,
      2,
      106,
      110,
      51,
      23,
      5,
      8,
      63,
      135,
      115,
      100,
      35,
      94,
      25,
      70,
      174,
      14,
      45,
      8,
      125,
      173,
      102,
      31,
      127,
      159,
      82,
      142,
      26,
      39,
      8,
      159,
      5,
      50,
      167,
      31,
      63,
      1,
      69,
      116,
      29,
      19,
      114,
      100,
      76,
      98,
      33,
      159,
      82,
      142,
      164,
      39,
      68,
      159,
      5,
      50,
      167,
      175,
      63,
      1,
      104,
      96,
      85,
      160,
      85,
      142,
      44,
      25,
      138,
      12,
      104,
      160,
      88,
      91,
      137,
      33,
      6,
      95,
      70,
      47,
      31,
      72,
      90,
      16,
      178,
      67,
      147,
      147,
      146,
      20,
      46,
      119,
      64,
      29,
      84,
      76,
      2,
      173,
      159,
      61,
      115,
      149,
      23,
      158,
      147,
      84,
      115,
      45,
      8,
      125,
      173,
      102,
      68,
      127,
      159,
      82,
      142,
      164,
      100,
      66,
      159,
      5,
      50,
      167,
      31,
      63,
      1,
      75,
      116,
      91,
      8,
      10,
      30,
      157,
      104,
      38,
      176,
      122,
      34,
      126,
      10,
      24,
      157,
      104,
      38,
      128,
      53,
      134,
      125,
      122,
      47,
      27,
      157,
      88,
      146,
      140,
      89,
      79,
      3,
      28,
      32,
      34,
      7,
      121,
      36,
      62,
      2,
      42,
      98,
      148,
      76,
      42,
      145,
      163,
      130,
      170,
      147,
      30,
      128,
      75,
      105,
      4,
      84,
      67,
      168,
      81,
      63,
      118,
      38,
      17,
      51,
      130,
      67,
      142,
      90,
      103,
      18,
      84,
      73,
      40,
      178,
      43,
      107,
      81,
      33,
      171,
      54,
      14,
      172,
      86,
      5,
      50,
      167,
      31,
      101,
      1,
      69,
      116,
      29,
      19,
      114,
      93,
      102,
      98,
      94,
      100,
      76,
      98,
      33,
      37,
      54,
      51,
      93,
      55,
      31,
      28,
      39,
      164,
      70,
      125,
      142,
      38,
      106,
      139,
      154,
      34,
      160,
      81,
      116,
      112,
      32,
      172,
      173,
      123,
      37,
      107,
      1,
      68,
      86,
      30,
      126,
      178,
      144,
      39,
      164,
      157,
      26,
      149,
      53,
      74,
      120,
      177,
      1,
      166,
      148,
      111,
      28,
      94,
      3,
      47,
      99,
      66,
      136,
      145,
      36,
      133,
      60,
      68,
      86,
      6,
      126,
      178,
      4,
      148,
      90,
      6,
      133,
      15,
      59,
      18,
      84,
      73,
      40,
      178,
      43,
      107,
      81,
      33,
      171,
      54,
      13,
      155,
      51,
      147,
      96,
      43,
      7,
      16,
      17,
      60,
      143,
      106,
      165,
      144,
      56,
      51,
      62,
      155,
      114,
      108,
      160,
      4,
      160,
      90,
      6,
      133,
      15,
      59,
      18,
      84,
      73,
      40,
      178,
      43,
      107,
      81,
      33,
      171,
      54,
      13,
      155,
      51,
      147
    ],
    "objectives": [
      0.06007924410142179,
      -0.12605042016806722
    ],
    "quantity": 0.021311475409836064,
    "strategy": {
      "firstOperation": {
        "name": "All Operators",
        "successor": {
          "selection": {
            "selectionType": {
              "name": "LastToFirst"
            },
            "quantity": 0,
            "percentage": 0.6,
            "sorter": {
              "reversed": true,
              "name": "Sort Groups by Quantity in Group"
            },
            "name": "Group Selection"
          },
          "name": "Discard Operators",
          "successor": {
            "selection": {
              "selectionType": {
                "name": "Sequential"
              },
              "quantity": 1,
              "percentage": 0.0,
              "sorter": {
                "reversed": false,
                "name": "Sort Operator Groups by Mutant Quantity in Group"
              },
              "name": "Group Selection"
            },
            "executionType": {
              "name": "Conventional Execution"
            },
            "name": "Execute Operators",
            "successor": {
              "name": "Store Mutants"
            }
          }
        }
      }
    }
  },
  {
    "variables": [
      20,
      31,
      63,
      1,
      69,
      116,
      0,
      52,
      161,
      148,
      49,
      130,
      158,
      112,
      162,
      0,
      147,
      55,
      16,
      26,
      109,
      72,
      43,
      153,
      64,
      163,
      153,
      2,
      106,
      110,
      51,
      23,
      5,
      99,
      63,
      135,
      115,
      100,
      35,
      94,
      25,
      70,
      174,
      14,
      45,
      8,
      125,
      173,
      102,
      31,
      127,
      159,
      82,
      142,
      26,
      39,
      8,
      159,
      5,
      50,
      167,
      31,
      63,
      1,
      69,
      116,
      29,
      19,
      114,
      100,
      76,
      98,
      33,
      159,
      82,
      142,
      175,
      39,
      68,
      159,
      5,
      50,
      167,
      175,
      63,
      1,
      104,
      96,
      85,
      160,
      85,
      142,
      44,
      25,
      138,
      12,
      104,
      110,
      88,
      159,
      5,
      50,
      167,
      31,
      63,
      1,
      69,
      116,
      91,
      8,
      10,
      24,
      157,
      104,
      38,
      176,
      122,
      34,
      126,
      76,
      23,
      166,
      75,
      11,
      176,
      176,
      53,
      109,
      53,
      109,
      132,
      100,
      61,
      117,
      152,
      34,
      145,
      152,
      169,
      160,
      59,
      17,
      179,
      68,
      136,
      8,
      48,
      63,
      11,
      169,
      1,
      77,
      115,
      92,
      165,
      101,
      148,
      135,
      145,
      55,
      86,
      170,
      73,
      2,
      52,
      18,
      112,
      32,
      145,
      160,
      133,
      170,
      163,
      133
    ],
    "objectives": [
      0.05356540909803979,
      -0.12268907563025211
    ],
    "quantity": 0.021311475409836064,
    "strategy": {
      "firstOperation": {
        "name": "All Operators",
        "successor": {
          "selection": {
            "selectionType": {
              "name": "LastToFirst"
            },
            "quantity": 0,
            "percentage": 0.6,
            "sorter": {
              "reversed": true,
              "name": "Sort Groups by Quantity in Group"
            },
            "name": "Group Selection"
          },
          "name": "Discard Operators",
          "successor": {
            "selection": {
              "selectionType": {
                "name": "Sequential"
              },
              "quantity": 1,
              "percentage": 0.0,
              "sorter": {
                "reversed": false,
                "name": "Sort Operator Groups by Mutant Quantity in Group"
              },
              "name": "Group Selection"
            },
            "executionType": {
              "name": "Conventional Execution"
            },
            "name": "Execute Operators",
            "successor": {
              "name": "Store Mutants"
            }
          }
        }
      }
    }
  }
]}