{
    "session":"GE",
    "result": [
  {
    "variables": [
      68,
      131,
      131,
      164,
      81,
      54,
      102,
      58,
      96,
      107,
      165,
      166,
      177,
      7,
      33,
      18,
      111,
      51,
      130,
      120,
      126,
      6,
      131,
      164,
      81,
      54,
      102,
      58,
      96,
      107,
      165,
      166,
      177,
      7,
      33,
      18,
      111,
      51,
      145,
      56,
      104,
      82,
      132,
      63,
      24,
      172,
      179,
      23,
      96,
      10,
      176,
      99,
      87,
      43,
      159,
      132,
      28,
      75,
      52,
      173,
      12,
      37,
      147,
      9,
      48,
      91,
      25,
      170,
      63,
      24,
      172,
      179,
      23,
      66,
      43,
      58,
      122,
      157,
      150,
      66,
      43,
      159,
      132,
      28,
      150,
      52,
      176,
      148,
      110,
      100,
      26,
      91,
      87,
      43,
      159,
      132,
      28,
      150,
      1,
      173,
      126,
      60,
      58,
      96,
      107,
      165,
      166,
      177,
      7,
      33,
      18,
      111,
      51,
      130,
      81,
      134,
      90,
      98,
      132,
      28,
      150,
      52,
      95,
      85,
      166,
      57,
      5,
      32,
      159,
      132,
      28,
      150,
      113,
      9,
      142,
      93,
      38,
      42
    ],
    "objectives": [
      0.3891637025493818,
      -1.0
    ],
    "quantity": 0.6885245901639344,
    "strategy": {
      "firstOperation": {
        "name": "All Operators",
        "successor": {
          "selection": {
            "selectionType": {
              "name": "Sequential"
            },
            "quantity": 0,
            "percentage": 0.7,
            "sorter": {
              "reversed": false,
              "name": "Sort Operators by Type"
            },
            "name": "Selection"
          },
          "executionType": {
            "name": "Conventional Execution"
          },
          "name": "Execute Operators",
          "successor": {
            "name": "Store Mutants"
          }
        }
      }
    }
  },
  {
    "variables": [
      68,
      131,
      131,
      164,
      81,
      54,
      102,
      108,
      124,
      87,
      39,
      87,
      43,
      159,
      132,
      172,
      179,
      23,
      66,
      43,
      58,
      122,
      157,
      150,
      66,
      43,
      159,
      132,
      28,
      150,
      52,
      176,
      148,
      110,
      110,
      100,
      108,
      91,
      87,
      43,
      116,
      132,
      28,
      150,
      52,
      173,
      12,
      37,
      147,
      9,
      48,
      91,
      25,
      174,
      73,
      171,
      63,
      76,
      92,
      68,
      24,
      118,
      129,
      151,
      64,
      47,
      13,
      130,
      3,
      145,
      100,
      127,
      0,
      116,
      85,
      145,
      176,
      56,
      126,
      157,
      44,
      72,
      83,
      174,
      176
    ],
    "objectives": [
      0.37617192601094906,
      -0.9915966386554622
    ],
    "quantity": 0.6639344262295082,
    "strategy": {
      "firstOperation": {
        "name": "All Operators",
        "successor": {
          "selection": {
            "selectionType": {
              "name": "Sequential"
            },
            "quantity": 0,
            "percentage": 0.5,
            "sorter": {
              "reversed": false,
              "name": "Sort Operators by Type"
            },
            "name": "Selection"
          },
          "executionType": {
            "name": "Conventional Execution"
          },
          "name": "Execute Operators",
          "successor": {
            "name": "Store Mutants"
          }
        }
      }
    }
  },
  {
    "variables": [
      145,
      56,
      104,
      82,
      132,
      63,
      24,
      172,
      179,
      23,
      26,
      46,
      134,
      25,
      174,
      79,
      80,
      25,
      124,
      104,
      77,
      31,
      132,
      63,
      15,
      122,
      134,
      161,
      66,
      43,
      159,
      132,
      28,
      150,
      52,
      173,
      128,
      60,
      3,
      145,
      171,
      127,
      0,
      91,
      25,
      65,
      113,
      36,
      33,
      96,
      0,
      176,
      99,
      60,
      15,
      43,
      58,
      141,
      31,
      150,
      129,
      9,
      62,
      86,
      109,
      100,
      106,
      45,
      48,
      91,
      25,
      174,
      73,
      68,
      153,
      166,
      57,
      145,
      56,
      104,
      82,
      132,
      63,
      24,
      172,
      179,
      23,
      66,
      43,
      58,
      122,
      157,
      150,
      66,
      43,
      159,
      132,
      28,
      150,
      15,
      157,
      96,
      154,
      73,
      71,
      88,
      144,
      58,
      119,
      121,
      148,
      110,
      100,
      95,
      85,
      166,
      57,
      5,
      146,
      159,
      132
    ],
    "objectives": [
      0.3494046695236731,
      -0.9512605042016806
    ],
    "quantity": 0.7295081967213114,
    "strategy": {
      "firstOperation": {
        "name": "All Operators",
        "successor": {
          "selection": {
            "selectionType": {
              "name": "Sequential"
            },
            "quantity": 5,
            "percentage": 0.0,
            "name": "Selection"
          },
          "name": "Select Mutants",
          "successor": {
            "selection": {
              "selectionType": {
                "name": "Random"
              },
              "quantity": 0,
              "percentage": 1.0,
              "sorter": {
                "reversed": false,
                "name": "Sort Operators by Mutant Quantity"
              },
              "name": "Selection"
            },
            "executionType": {
              "name": "Conventional Execution"
            },
            "name": "Execute Operators",
            "successor": {
              "selection": {
                "selectionType": {
                  "name": "LastToFirst"
                },
                "quantity": 3,
                "percentage": 0.0,
                "name": "Selection"
              },
              "name": "Discard Operators",
              "successor": {
                "name": "Store Mutants"
              }
            }
          }
        }
      }
    }
  },
  {
    "variables": [
      145,
      56,
      104,
      82,
      80,
      63,
      24,
      172,
      179,
      23,
      66,
      43,
      58,
      122,
      157,
      97,
      66,
      43,
      159,
      132,
      43,
      159,
      132,
      171,
      150,
      52,
      21,
      148,
      110,
      100,
      79,
      113,
      9,
      33,
      96,
      0,
      176,
      99,
      87,
      134,
      159,
      132,
      28,
      75,
      52,
      173,
      12,
      37,
      147,
      9,
      48,
      91,
      25,
      174,
      73,
      171,
      63,
      76,
      92,
      68,
      24,
      118,
      129,
      151,
      64,
      179,
      161,
      66,
      43,
      159,
      132,
      28,
      150,
      83,
      174,
      176,
      148,
      110
    ],
    "objectives": [
      0.33560928475713514,
      -0.9445378151260504
    ],
    "quantity": 0.5344262295081966,
    "strategy": {
      "firstOperation": {
        "name": "All Operators",
        "successor": {
          "selection": {
            "selectionType": {
              "name": "LastToFirst"
            },
            "quantity": 5,
            "percentage": 0.0,
            "name": "Selection"
          },
          "name": "Select Mutants",
          "successor": {
            "selection": {
              "selectionType": {
                "name": "Random"
              },
              "quantity": 0,
              "percentage": 0.8,
              "sorter": {
                "reversed": true,
                "name": "Sort Operators by Type"
              },
              "name": "Selection"
            },
            "executionType": {
              "name": "Conventional Execution"
            },
            "name": "Execute Operators",
            "successor": {
              "name": "New Branch",
              "successor": {
                "name": "Store Mutants"
              },
              "secondSuccessor": {
                "name": "Store Mutants"
              }
            }
          }
        }
      }
    }
  },
  {
    "variables": [
      24,
      86,
      74,
      26,
      46,
      134,
      25,
      174,
      79,
      80,
      25,
      124,
      104,
      131,
      31,
      132,
      63,
      24,
      132,
      63,
      24,
      172,
      179,
      23,
      66,
      43,
      58,
      122,
      157,
      150,
      66,
      43,
      159,
      132,
      28,
      150,
      52,
      95,
      85,
      166,
      57,
      5,
      146,
      159,
      132,
      28,
      76,
      92,
      68,
      24,
      118,
      129,
      151,
      64,
      47,
      13,
      130,
      3,
      145,
      100,
      127,
      0,
      116,
      85,
      145,
      176,
      56,
      126,
      157,
      44,
      72,
      83,
      174,
      176
    ],
    "objectives": [
      0.3195543805951684,
      -0.9445378151260503
    ],
    "quantity": 0.519672131147541,
    "strategy": {
      "firstOperation": {
        "name": "All Operators",
        "successor": {
          "selection": {
            "selectionType": {
              "name": "Random"
            },
            "quantity": 10,
            "percentage": 0.0,
            "sorter": {
              "reversed": false,
              "name": "Sort Operators by Mutant Quantity"
            },
            "name": "Selection"
          },
          "executionType": {
            "name": "Conventional Execution"
          },
          "name": "Execute Operators",
          "successor": {
            "selection": {
              "selectionType": {
                "name": "LastToFirst"
              },
              "quantity": 3,
              "percentage": 0.0,
              "name": "Selection"
            },
            "name": "Discard Operators",
            "successor": {
              "name": "Store Mutants"
            }
          }
        }
      }
    }
  },
  {
    "variables": [
      24,
      86,
      74,
      26,
      46,
      134,
      25,
      174,
      79,
      80,
      25,
      124,
      104,
      131,
      31,
      132,
      63,
      24,
      172,
      76,
      161,
      66,
      43,
      159,
      132,
      28,
      150,
      83,
      174,
      176,
      148,
      110,
      100,
      108,
      91,
      87,
      43,
      159,
      132,
      133,
      141,
      123,
      56,
      81,
      134,
      90,
      98,
      33,
      104,
      131,
      31,
      132,
      63,
      24,
      39,
      31,
      9,
      179,
      132,
      0,
      26,
      111,
      41,
      26,
      103,
      60,
      153,
      83,
      83,
      75,
      12,
      138,
      124,
      168,
      74,
      26,
      46,
      134,
      25,
      174,
      79,
      58,
      25,
      124,
      104,
      77,
      31,
      13,
      124,
      35,
      167,
      27,
      152,
      143,
      157,
      35,
      14,
      133,
      123,
      51,
      168,
      52,
      120,
      84,
      45,
      148,
      54,
      49,
      65,
      95,
      52,
      125,
      113,
      65,
      97,
      160,
      83,
      111,
      49,
      126,
      49,
      43,
      85,
      149,
      27,
      3,
      111,
      74,
      48,
      12,
      27,
      8,
      76,
      82,
      16,
      86,
      163,
      71,
      108,
      55,
      46,
      42,
      173,
      176,
      153,
      19,
      66,
      43,
      159,
      132,
      28,
      150,
      53,
      173,
      99,
      60,
      58,
      72,
      147,
      111
    ],
    "objectives": [
      0.30714435998902245,
      -0.922689075630252
    ],
    "quantity": 0.4737704918032787,
    "strategy": {
      "firstOperation": {
        "name": "All Operators",
        "successor": {
          "selection": {
            "selectionType": {
              "name": "Random"
            },
            "quantity": 10,
            "percentage": 0.0,
            "sorter": {
              "reversed": false,
              "name": "Sort Operators by Mutant Quantity"
            },
            "name": "Selection"
          },
          "executionType": {
            "name": "Conventional Execution"
          },
          "name": "Execute Operators",
          "successor": {
            "selection": {
              "selectionType": {
                "name": "LastToFirst"
              },
              "quantity": 3,
              "percentage": 0.0,
              "name": "Selection"
            },
            "name": "Discard Operators",
            "successor": {
              "name": "Store Mutants"
            }
          }
        }
      }
    }
  },
  {
    "variables": [
      145,
      56,
      104,
      82,
      132,
      63,
      24,
      172,
      179,
      23,
      66,
      43,
      58,
      122,
      169,
      114,
      31,
      9,
      179,
      132,
      0,
      26,
      111,
      41,
      26,
      103,
      60,
      153,
      44,
      37,
      147,
      56,
      104,
      82,
      132,
      63,
      24,
      172,
      179,
      23,
      26,
      46,
      134,
      25,
      174,
      79,
      80,
      25,
      124,
      104,
      77,
      31,
      132,
      63,
      24,
      169,
      134,
      161,
      66,
      112,
      38,
      4,
      85,
      17,
      105,
      110,
      61,
      61,
      24,
      5,
      149,
      172,
      172,
      144,
      62,
      141,
      80,
      25,
      124,
      104,
      131,
      31,
      132,
      63,
      24,
      172,
      179,
      161,
      66,
      43,
      159,
      132,
      28,
      150,
      100,
      108,
      83,
      87,
      43,
      159,
      132,
      66,
      43,
      159,
      132,
      28,
      150,
      52,
      157,
      96,
      154,
      73,
      71,
      88,
      144,
      146,
      24,
      11,
      94,
      104,
      82,
      132,
      63,
      24,
      172,
      179,
      23,
      66,
      43,
      58,
      122,
      169,
      114,
      31,
      9,
      179,
      132,
      0,
      26,
      111,
      41,
      110,
      18,
      22,
      153,
      83,
      83,
      75,
      12,
      138,
      124,
      168,
      74,
      26,
      111,
      134,
      25,
      43,
      58,
      122,
      64,
      150,
      66,
      43,
      159,
      132,
      28,
      145,
      56,
      104,
      82,
      132,
      63,
      24,
      3,
      179,
      23,
      66,
      43,
      58,
      122,
      157,
      150,
      66,
      43,
      176,
      153,
      19,
      66,
      43,
      61,
      132,
      28,
      150,
      53,
      173,
      128,
      60,
      58,
      72,
      147,
      179
    ],
    "objectives": [
      0.30453948921880125,
      -0.9042016806722689
    ],
    "quantity": 0.5262295081967213,
    "strategy": {
      "firstOperation": {
        "name": "All Operators",
        "successor": {
          "selection": {
            "selectionType": {
              "name": "Sequential"
            },
            "quantity": 5,
            "percentage": 0.0,
            "name": "Selection"
          },
          "name": "Select Mutants",
          "successor": {
            "selection": {
              "selectionType": {
                "name": "Random"
              },
              "quantity": 0,
              "percentage": 0.5,
              "sorter": {
                "reversed": true,
                "name": "Sort Operators by Type"
              },
              "name": "Selection"
            },
            "executionType": {
              "name": "Conventional Execution"
            },
            "name": "Execute Operators",
            "successor": {
              "name": "Store Mutants"
            }
          }
        }
      }
    }
  },
  {
    "variables": [
      24,
      86,
      74,
      26,
      46,
      134,
      25,
      174,
      79,
      80,
      25,
      124,
      104,
      131,
      31,
      132,
      63,
      24,
      172,
      76,
      161,
      66,
      43,
      159,
      132,
      28,
      150,
      83,
      174,
      176,
      148,
      110,
      100,
      108,
      91,
      87,
      43,
      159,
      132,
      133,
      141,
      123,
      56,
      81,
      134,
      71,
      88,
      144,
      58,
      119,
      121,
      28,
      56,
      1,
      160,
      96,
      174,
      18,
      159,
      162,
      146,
      43,
      44,
      7,
      83,
      81,
      75,
      91,
      138,
      61,
      137,
      39,
      133,
      141,
      148,
      54,
      49,
      65,
      140,
      67,
      121,
      50,
      123,
      4,
      79,
      134,
      79,
      143,
      151,
      163,
      116,
      173,
      1,
      160,
      96,
      174,
      18,
      159,
      162,
      146,
      43,
      44,
      7,
      83,
      81,
      75,
      91,
      138,
      61,
      137,
      39,
      133,
      141,
      148,
      54,
      49,
      65,
      140
    ],
    "objectives": [
      0.2928289170564494,
      -0.8857142857142858
    ],
    "quantity": 0.480327868852459,
    "strategy": {
      "firstOperation": {
        "name": "All Operators",
        "successor": {
          "selection": {
            "selectionType": {
              "name": "Random"
            },
            "quantity": 10,
            "percentage": 0.0,
            "sorter": {
              "reversed": false,
              "name": "Sort Operators by Mutant Quantity"
            },
            "name": "Selection"
          },
          "executionType": {
            "name": "Conventional Execution"
          },
          "name": "Execute Operators",
          "successor": {
            "selection": {
              "selectionType": {
                "name": "LastToFirst"
              },
              "quantity": 3,
              "percentage": 0.0,
              "name": "Selection"
            },
            "name": "Discard Operators",
            "successor": {
              "name": "Store Mutants"
            }
          }
        }
      }
    }
  },
  {
    "variables": [
      24,
      86,
      74,
      26,
      46,
      134,
      25,
      174,
      79,
      80,
      25,
      124,
      104,
      131,
      31,
      132,
      63,
      24,
      172,
      76,
      161,
      66,
      43,
      159,
      132,
      28,
      150,
      83,
      174,
      176,
      148,
      110,
      100,
      108,
      91,
      87,
      43,
      159,
      132,
      133,
      141,
      123,
      56,
      81,
      134,
      90,
      24,
      33,
      104,
      131,
      31,
      132,
      63,
      24,
      39,
      31,
      9,
      179,
      132,
      0,
      26,
      111,
      41,
      26,
      103,
      60,
      153,
      83,
      83,
      75,
      91,
      173,
      126,
      60,
      58,
      96,
      107,
      165,
      166,
      177,
      7,
      21,
      18,
      111,
      51,
      130,
      120,
      126,
      6,
      95,
      100,
      101,
      28,
      150,
      59,
      109,
      2,
      24,
      86,
      56,
      25,
      113,
      162,
      49,
      65,
      95,
      52,
      125,
      113,
      65,
      97,
      160,
      83,
      111,
      49,
      126,
      49,
      43,
      84,
      149,
      27,
      43,
      58,
      122,
      157,
      13,
      70,
      106,
      100,
      176,
      56,
      78,
      114,
      105,
      114,
      169,
      33,
      116,
      110,
      100,
      108,
      91,
      87,
      43,
      159,
      132,
      28,
      150,
      52,
      173,
      12,
      37,
      147,
      9,
      48,
      91,
      25,
      174,
      73,
      171,
      63,
      76,
      92,
      68,
      24,
      118,
      129,
      151,
      64,
      47,
      13,
      130,
      3,
      145,
      100,
      127,
      0,
      116,
      85,
      145,
      176,
      56,
      126,
      157,
      44,
      72,
      83,
      174,
      176
    ],
    "objectives": [
      0.2826973648498522,
      -0.8588235294117647
    ],
    "quantity": 0.3540983606557377,
    "strategy": {
      "firstOperation": {
        "name": "All Operators",
        "successor": {
          "selection": {
            "selectionType": {
              "name": "Random"
            },
            "quantity": 10,
            "percentage": 0.0,
            "sorter": {
              "reversed": false,
              "name": "Sort Operators by Mutant Quantity"
            },
            "name": "Selection"
          },
          "executionType": {
            "name": "Conventional Execution"
          },
          "name": "Execute Operators",
          "successor": {
            "selection": {
              "selectionType": {
                "name": "LastToFirst"
              },
              "quantity": 3,
              "percentage": 0.0,
              "name": "Selection"
            },
            "name": "Discard Operators",
            "successor": {
              "name": "Store Mutants"
            }
          }
        }
      }
    }
  },
  {
    "variables": [
      108,
      11,
      136,
      84,
      45,
      148,
      54,
      49,
      65,
      15,
      67,
      121,
      132,
      63,
      24,
      122,
      179,
      24,
      172,
      179,
      23,
      105,
      43,
      58,
      122,
      157
    ],
    "objectives": [
      0.2702896939520777,
      -0.773109243697479
    ],
    "quantity": 0.3770491803278688,
    "strategy": {
      "firstOperation": {
        "name": "All Operators",
        "successor": {
          "selection": {
            "selectionType": {
              "name": "Sequential"
            },
            "quantity": 6,
            "percentage": 0.0,
            "sorter": {
              "reversed": true,
              "name": "Sort Operators by Type"
            },
            "name": "Selection"
          },
          "executionType": {
            "name": "Conventional Execution"
          },
          "name": "Execute Operators",
          "successor": {
            "name": "Store Mutants"
          }
        }
      }
    }
  },
  {
    "variables": [
      145,
      56,
      104,
      82,
      132,
      63,
      24,
      172,
      179,
      161,
      66,
      43,
      159,
      132,
      28
    ],
    "objectives": [
      0.2599365761937345,
      -0.7714285714285715
    ],
    "quantity": 0.27540983606557373,
    "strategy": {
      "firstOperation": {
        "name": "All Operators",
        "successor": {
          "selection": {
            "selectionType": {
              "name": "Sequential"
            },
            "quantity": 5,
            "percentage": 0.0,
            "name": "Selection"
          },
          "name": "Select Mutants",
          "successor": {
            "selection": {
              "selectionType": {
                "name": "Random"
              },
              "quantity": 0,
              "percentage": 0.3,
              "name": "Selection"
            },
            "executionType": {
              "name": "Conventional Execution"
            },
            "name": "Execute Operators",
            "successor": {
              "selection": {
                "selectionType": {
                  "name": "Random"
                },
                "quantity": 3,
                "percentage": 0.0,
                "sorter": {
                  "reversed": false,
                  "name": "Sort Operators by Mutant Quantity"
                },
                "name": "Selection"
              },
              "name": "Discard Operators",
              "successor": {
                "name": "Store Mutants"
              }
            }
          }
        }
      }
    }
  },
  {
    "variables": [
      70,
      106,
      100,
      176,
      56,
      88,
      157,
      44,
      72,
      83,
      174,
      176,
      148,
      110,
      100,
      108,
      91,
      87,
      43,
      159,
      132,
      28,
      150,
      108,
      91,
      87,
      43,
      159,
      132,
      133,
      141,
      123,
      56,
      132,
      28,
      150,
      15,
      157,
      96,
      154,
      73,
      71,
      88,
      144,
      58,
      119,
      121,
      28,
      56,
      1,
      160,
      96,
      174,
      18,
      159,
      162,
      146,
      43,
      44,
      7,
      83,
      81,
      121,
      91,
      138,
      61,
      137,
      76,
      133,
      141,
      167,
      127,
      103,
      37,
      79,
      113,
      9,
      33,
      96,
      0,
      176,
      99,
      87,
      134,
      5,
      146,
      159,
      132,
      83,
      174,
      176,
      148,
      110,
      100,
      108,
      91,
      87,
      43,
      159,
      132
    ],
    "objectives": [
      0.24843786807534474,
      -0.761344537815126
    ],
    "quantity": 0.21475409836065573,
    "strategy": {
      "firstOperation": {
        "name": "All Operators",
        "successor": {
          "name": "New Branch",
          "successor": {
            "name": "New Branch",
            "successor": {
              "selection": {
                "selectionType": {
                  "name": "Random"
                },
                "quantity": 5,
                "percentage": 0.0,
                "sorter": {
                  "reversed": true,
                  "name": "Sort Operators by Type"
                },
                "name": "Selection"
              },
              "executionType": {
                "name": "Conventional Execution"
              },
              "name": "Execute Operators",
              "successor": {
                "selection": {
                  "selectionType": {
                    "name": "Sequential"
                  },
                  "quantity": 8,
                  "percentage": 0.0,
                  "name": "Selection"
                },
                "name": "Discard Operators",
                "successor": {
                  "name": "Store Mutants"
                }
              }
            },
            "secondSuccessor": {
              "name": "Store Mutants"
            }
          },
          "secondSuccessor": {
            "selection": {
              "selectionType": {
                "name": "Random"
              },
              "quantity": 4,
              "percentage": 0.0,
              "name": "Selection"
            },
            "name": "Discard Operators",
            "successor": {
              "name": "Store Mutants"
            }
          }
        }
      }
    }
  },
  {
    "variables": [
      66,
      56,
      104,
      82,
      132,
      63,
      24,
      172,
      179,
      23,
      66,
      43,
      58,
      141,
      157,
      150,
      129,
      9,
      62,
      86,
      109,
      100,
      106,
      45,
      48,
      91,
      25,
      174,
      73,
      68,
      153,
      166,
      57,
      5,
      146,
      166,
      14,
      123,
      56,
      168,
      127,
      120,
      84,
      45,
      148,
      54,
      49,
      65,
      15,
      67,
      121,
      50,
      123,
      4,
      79,
      134,
      79,
      143,
      96,
      126,
      0,
      21,
      25,
      10,
      149,
      12,
      66,
      43,
      58,
      122,
      157,
      150,
      129,
      72,
      83,
      174,
      176,
      148,
      131,
      100,
      108,
      91,
      87,
      43,
      159,
      132,
      133,
      141,
      123,
      56,
      52,
      173,
      80,
      37,
      147,
      9,
      48,
      91,
      25,
      174,
      73,
      171,
      0,
      76,
      92,
      68,
      24,
      118,
      129,
      151,
      64,
      47,
      13,
      130,
      3,
      145,
      179,
      23,
      26,
      46,
      134,
      25,
      174,
      79,
      80,
      25,
      124,
      104,
      77,
      31,
      132,
      147,
      24,
      122,
      134,
      161,
      66,
      43,
      159,
      132,
      28,
      150,
      52,
      173,
      128,
      60,
      3,
      145,
      171,
      127,
      0,
      91,
      25,
      174,
      73,
      68,
      153,
      166,
      57,
      5,
      76,
      172,
      179,
      161,
      66,
      43,
      159,
      132,
      28,
      150,
      83,
      174,
      176,
      148,
      110
    ],
    "objectives": [
      0.2250798393070288,
      -0.7142857142857143
    ],
    "quantity": 0.19672131147540983,
    "strategy": {
      "firstOperation": {
        "name": "All Operators",
        "successor": {
          "name": "New Branch",
          "successor": {
            "selection": {
              "selectionType": {
                "name": "Sequential"
              },
              "quantity": 4,
              "percentage": 0.0,
              "sorter": {
                "reversed": true,
                "name": "Sort Operators by Type"
              },
              "name": "Selection"
            },
            "executionType": {
              "name": "Conventional Execution"
            },
            "name": "Execute Operators",
            "successor": {
              "name": "New Branch",
              "successor": {
                "name": "Store Mutants"
              },
              "secondSuccessor": {
                "name": "New Branch",
                "successor": {
                  "selection": {
                    "selectionType": {
                      "name": "LastToFirst"
                    },
                    "quantity": 4,
                    "percentage": 0.0,
                    "sorter": {
                      "reversed": true,
                      "name": "Sort Groups by Quantity in Group"
                    },
                    "name": "Group Selection"
                  },
                  "name": "Discard Mutants",
                  "successor": {
                    "selection": {
                      "selectionType": {
                        "name": "LastToFirst"
                      },
                      "quantity": 5,
                      "percentage": 0.0,
                      "sorter": {
                        "reversed": true,
                        "name": "Sort Groups by Quantity in Group"
                      },
                      "name": "Group Selection"
                    },
                    "name": "Select Operators",
                    "successor": {
                      "selection": {
                        "selectionType": {
                          "name": "LastToFirst"
                        },
                        "quantity": 0,
                        "percentage": 1.0,
                        "name": "Group Selection"
                      },
                      "name": "Discard Mutants",
                      "successor": {
                        "selection": {
                          "selectionType": {
                            "name": "LastToFirst"
                          },
                          "quantity": 0,
                          "percentage": 0.1,
                          "name": "Selection"
                        },
                        "name": "Select Operators",
                        "successor": {
                          "selection": {
                            "selectionType": {
                              "name": "LastToFirst"
                            },
                            "quantity": 0,
                            "percentage": 0.9,
                            "sorter": {
                              "reversed": false,
                              "name": "Sort Mutants by Operator"
                            },
                            "name": "Selection"
                          },
                          "name": "Select Mutants",
                          "successor": {
                            "name": "Store Mutants"
                          }
                        }
                      }
                    }
                  }
                },
                "secondSuccessor": {
                  "name": "Store Mutants"
                }
              }
            }
          },
          "secondSuccessor": {
            "name": "Store Mutants"
          }
        }
      }
    }
  },
  {
    "variables": [
      145,
      56,
      104,
      82,
      132,
      63,
      63,
      172,
      179,
      23,
      66,
      43,
      58,
      122,
      157,
      150,
      66,
      43,
      159,
      132,
      28,
      150,
      52,
      176,
      148,
      129,
      100,
      108,
      91,
      87,
      43,
      159,
      132,
      74,
      150,
      1,
      173,
      126,
      60,
      58,
      96,
      107,
      165,
      166,
      177,
      7,
      33,
      18,
      111,
      51,
      130,
      81,
      82,
      132,
      63,
      24,
      172,
      179,
      23,
      66,
      43,
      58,
      173,
      126,
      60,
      58,
      96,
      107,
      165,
      166,
      177,
      7,
      33,
      18,
      111,
      51,
      130,
      120,
      126,
      6,
      95,
      100,
      101,
      28,
      150,
      59,
      109,
      2,
      157,
      150,
      66,
      43,
      159,
      132,
      28,
      150,
      15,
      157,
      96,
      154,
      73,
      71,
      88,
      144,
      58,
      119,
      121,
      28,
      56,
      1,
      160,
      96,
      174,
      18,
      159,
      162,
      146,
      43,
      168,
      7,
      83,
      81,
      75,
      91,
      138,
      61,
      110,
      108,
      83,
      87,
      43,
      159,
      132,
      66,
      43,
      159,
      132,
      28,
      150,
      52,
      157,
      96,
      154,
      73,
      71,
      88,
      144,
      146,
      24,
      11,
      94,
      104,
      82,
      132,
      63,
      24,
      172,
      179,
      23,
      66,
      43,
      58,
      122,
      169,
      114,
      31,
      9,
      179,
      132,
      0,
      26,
      111,
      41,
      26,
      103,
      22,
      153,
      83,
      83,
      75,
      12,
      138,
      124,
      168,
      74,
      26,
      46,
      134,
      25,
      174,
      79,
      80,
      25,
      124,
      104,
      77,
      31,
      13,
      124,
      35,
      167,
      27,
      152,
      143,
      157,
      35,
      14,
      133,
      85,
      161,
      170,
      94,
      179,
      143,
      86,
      56,
      110,
      113,
      162,
      87,
      55,
      93,
      105,
      40,
      103,
      107,
      35,
      84,
      11,
      106,
      164,
      144,
      74,
      142,
      0,
      23,
      2,
      9,
      6,
      70,
      102,
      167,
      5,
      133,
      53,
      155,
      106,
      80,
      25,
      161,
      66,
      6,
      159,
      132,
      28,
      150,
      83,
      174,
      176,
      142,
      110,
      100,
      108,
      91,
      87,
      43,
      159,
      132,
      133,
      86,
      56,
      25,
      113,
      162,
      49,
      65,
      95,
      52,
      125,
      113,
      65,
      97,
      160,
      83,
      111,
      49,
      126,
      49,
      43,
      84,
      149,
      27,
      43,
      58,
      122,
      157,
      150,
      66,
      21,
      159,
      89,
      28,
      69,
      52,
      157,
      96,
      154,
      79,
      80,
      25,
      66,
      43,
      159,
      132,
      28,
      150,
      53,
      173,
      128,
      60,
      58,
      72,
      147,
      111
    ],
    "objectives": [
      0.2102693406985141,
      -0.5058823529411764
    ],
    "quantity": 0.08524590163934427,
    "strategy": {
      "firstOperation": {
        "name": "All Operators",
        "successor": {
          "selection": {
            "selectionType": {
              "name": "Sequential"
            },
            "quantity": 4,
            "percentage": 0.0,
            "name": "Selection"
          },
          "name": "Select Mutants",
          "successor": {
            "selection": {
              "selectionType": {
                "name": "Random"
              },
              "quantity": 0,
              "percentage": 0.1,
              "sorter": {
                "reversed": true,
                "name": "Sort Operators by Type"
              },
              "name": "Selection"
            },
            "executionType": {
              "name": "Conventional Execution"
            },
            "name": "Execute Operators",
            "successor": {
              "name": "New Branch",
              "successor": {
                "name": "Store Mutants"
              },
              "secondSuccessor": {
                "name": "Store Mutants"
              }
            }
          }
        }
      }
    }
  },
  {
    "variables": [
      145,
      56,
      104,
      82,
      132,
      169,
      24,
      172,
      179,
      23,
      66,
      43,
      58,
      122,
      157,
      150,
      66,
      43,
      159,
      132,
      28,
      150,
      15,
      157,
      96,
      154,
      73,
      71,
      88,
      144,
      58,
      119,
      121,
      28,
      56,
      1,
      160,
      96,
      174,
      18,
      159,
      162,
      146,
      43,
      44,
      7,
      83,
      81,
      121,
      91,
      138,
      61,
      137,
      39,
      133,
      141,
      167,
      127,
      103,
      37,
      79,
      113,
      9,
      33,
      96,
      0,
      176,
      99,
      87,
      134,
      5,
      146,
      159,
      132
    ],
    "objectives": [
      0.20674981209302504,
      -0.46554621848739497
    ],
    "quantity": 0.07704918032786885,
    "strategy": {
      "firstOperation": {
        "name": "All Operators",
        "successor": {
          "selection": {
            "selectionType": {
              "name": "Sequential"
            },
            "quantity": 5,
            "percentage": 0.0,
            "name": "Selection"
          },
          "name": "Select Mutants",
          "successor": {
            "selection": {
              "selectionType": {
                "name": "Random"
              },
              "quantity": 0,
              "percentage": 0.1,
              "sorter": {
                "reversed": true,
                "name": "Sort Operators by Type"
              },
              "name": "Selection"
            },
            "executionType": {
              "name": "Conventional Execution"
            },
            "name": "Execute Operators",
            "successor": {
              "name": "New Branch",
              "successor": {
                "name": "Store Mutants"
              },
              "secondSuccessor": {
                "name": "Store Mutants"
              }
            }
          }
        }
      }
    }
  },
  {
    "variables": [
      145,
      71,
      104,
      82,
      132,
      63,
      127,
      0,
      91,
      25,
      174,
      73,
      68,
      153,
      166,
      57,
      5,
      76,
      39,
      68,
      119,
      133,
      26,
      0,
      168,
      112,
      38,
      4,
      85,
      17,
      105,
      110,
      61,
      61,
      24,
      5,
      149,
      172,
      172,
      69,
      62,
      141,
      80,
      25,
      124,
      104,
      131,
      31,
      132,
      63,
      24,
      172,
      179,
      161,
      66,
      43,
      159,
      132,
      28,
      150,
      100,
      108,
      83,
      87,
      43,
      159,
      132,
      66,
      43,
      159,
      132,
      28,
      150,
      52,
      157,
      96,
      154,
      73,
      71,
      88,
      144,
      146,
      24,
      11,
      94,
      104,
      82,
      132,
      63,
      24,
      172,
      179,
      23,
      66,
      43,
      58,
      122,
      169,
      114,
      31,
      9,
      179,
      132,
      0,
      26,
      111,
      41,
      26,
      103,
      22,
      153,
      83,
      83,
      75,
      12,
      138,
      124,
      168,
      74,
      26,
      46,
      134,
      69,
      174,
      79,
      80,
      25,
      124,
      104,
      77,
      31,
      13,
      124,
      35,
      167,
      27,
      152,
      143,
      157,
      35,
      14,
      133,
      85,
      161,
      170,
      94,
      179,
      143,
      86,
      56,
      110,
      113,
      162,
      87,
      55,
      93,
      105,
      40,
      103,
      107,
      35,
      84,
      11,
      106,
      164,
      144,
      74,
      142,
      0,
      23,
      2,
      9,
      6,
      70,
      175,
      167,
      5,
      133,
      53,
      155,
      106,
      80,
      25,
      161,
      66,
      6,
      108,
      0,
      28,
      150,
      83,
      174,
      176,
      148,
      110,
      100,
      108,
      91,
      87,
      43,
      159,
      132,
      133,
      86,
      56,
      25,
      113,
      162,
      49,
      65,
      95,
      122,
      157,
      150,
      66,
      43,
      159,
      132,
      28,
      150,
      52,
      176,
      148,
      110,
      100,
      26,
      91,
      87,
      43,
      159,
      132,
      28,
      150,
      1,
      173,
      126,
      60,
      58,
      96,
      107,
      150,
      166,
      177,
      7,
      33,
      18,
      111,
      51,
      130,
      81,
      42,
      65,
      176,
      153,
      19,
      66,
      43,
      159,
      132,
      28,
      150,
      53,
      173,
      128,
      60,
      58,
      72,
      147,
      111
    ],
    "objectives": [
      0.1863872074866966,
      -0.4420168067226891
    ],
    "quantity": 0.09016393442622951,
    "strategy": {
      "firstOperation": {
        "name": "All Operators",
        "successor": {
          "selection": {
            "selectionType": {
              "name": "Sequential"
            },
            "quantity": 8,
            "percentage": 0.0,
            "name": "Selection"
          },
          "name": "Discard Mutants",
          "successor": {
            "selection": {
              "selectionType": {
                "name": "Random"
              },
              "quantity": 0,
              "percentage": 0.8,
              "sorter": {
                "reversed": false,
                "name": "Sort Operators by Mutant Quantity"
              },
              "name": "Selection"
            },
            "name": "Discard Operators",
            "successor": {
              "selection": {
                "selectionType": {
                  "name": "LastToFirst"
                },
                "quantity": 0,
                "percentage": 0.7,
                "name": "Selection"
              },
              "name": "Select Mutants",
              "successor": {
                "selection": {
                  "selectionType": {
                    "name": "Random"
                  },
                  "quantity": 8,
                  "percentage": 0.0,
                  "name": "Selection"
                },
                "name": "Select Operators",
                "successor": {
                  "selection": {
                    "selectionType": {
                      "name": "LastToFirst"
                    },
                    "quantity": 0,
                    "percentage": 0.5,
                    "name": "Group Selection"
                  },
                  "name": "Select Mutants",
                  "successor": {
                    "selection": {
                      "selectionType": {
                        "name": "Sequential"
                      },
                      "quantity": 0,
                      "percentage": 0.2,
                      "sorter": {
                        "reversed": true,
                        "name": "Sort Operators by Type"
                      },
                      "name": "Selection"
                    },
                    "executionType": {
                      "name": "Conventional Execution"
                    },
                    "name": "Execute Operators",
                    "successor": {
                      "name": "New Branch",
                      "successor": {
                        "name": "Store Mutants"
                      },
                      "secondSuccessor": {
                        "name": "Store Mutants"
                      }
                    }
                  }
                }
              }
            }
          }
        }
      }
    }
  },
  {
    "variables": [
      145,
      56,
      104,
      82,
      132,
      63,
      24,
      172,
      179,
      23,
      66,
      43,
      58,
      122,
      157,
      150,
      66,
      43,
      159,
      132,
      28,
      150,
      15,
      157,
      96,
      154,
      73,
      71,
      88,
      144,
      58,
      119,
      121,
      148,
      110,
      100,
      95,
      85,
      166,
      57,
      5,
      146,
      159,
      132
    ],
    "objectives": [
      0.18462642364947224,
      -0.4
    ],
    "quantity": 0.07049180327868852,
    "strategy": {
      "firstOperation": {
        "name": "All Operators",
        "successor": {
          "selection": {
            "selectionType": {
              "name": "Sequential"
            },
            "quantity": 5,
            "percentage": 0.0,
            "name": "Selection"
          },
          "name": "Select Mutants",
          "successor": {
            "selection": {
              "selectionType": {
                "name": "Random"
              },
              "quantity": 0,
              "percentage": 0.1,
              "sorter": {
                "reversed": true,
                "name": "Sort Operators by Type"
              },
              "name": "Selection"
            },
            "executionType": {
              "name": "Conventional Execution"
            },
            "name": "Execute Operators",
            "successor": {
              "name": "New Branch",
              "successor": {
                "name": "Store Mutants"
              },
              "secondSuccessor": {
                "name": "Store Mutants"
              }
            }
          }
        }
      }
    }
  },
  {
    "variables": [
      145,
      71,
      104,
      82,
      132,
      63,
      127,
      0,
      91,
      69,
      174,
      73,
      68,
      153,
      166,
      57,
      5,
      76,
      39,
      68,
      119,
      133,
      26,
      0,
      168,
      112,
      38,
      4,
      85,
      17,
      105,
      110,
      61,
      61,
      24,
      5,
      149,
      172,
      172,
      69,
      62,
      141,
      80,
      25,
      124,
      104,
      131,
      31,
      132,
      63,
      24,
      172,
      179,
      161,
      66,
      43,
      159,
      132,
      28,
      150,
      100,
      108,
      83,
      87,
      43,
      159,
      132,
      66,
      43,
      159,
      132,
      28,
      150,
      52,
      157,
      137,
      154,
      73,
      71,
      88,
      144,
      146,
      24,
      11,
      94,
      104,
      82,
      132,
      63,
      24,
      172,
      170,
      23,
      66,
      43,
      58,
      122,
      169,
      114,
      31,
      9,
      179,
      132,
      0,
      26,
      111,
      41,
      26,
      103,
      64,
      153,
      83,
      83,
      75,
      12,
      138,
      124,
      168,
      74,
      26,
      46,
      134,
      25,
      174,
      79,
      80,
      25,
      124,
      104,
      31,
      132,
      63,
      24,
      172,
      76,
      161,
      66,
      43,
      159,
      132,
      28,
      150,
      83,
      174,
      176,
      148,
      110,
      100,
      108,
      91,
      87,
      43,
      159,
      132,
      133,
      141,
      123,
      56,
      81,
      134,
      90,
      98,
      33,
      104,
      131,
      31,
      132,
      63,
      24,
      39,
      31,
      9,
      179,
      132,
      0,
      26,
      111,
      41,
      26,
      103,
      60,
      153,
      83,
      83,
      75,
      12,
      138,
      124,
      168,
      74,
      26,
      46,
      134,
      25,
      174,
      79,
      58,
      25,
      124,
      104,
      77,
      31,
      13,
      124,
      35,
      167,
      27,
      152,
      143,
      157,
      35,
      14,
      133,
      123,
      51,
      168,
      52,
      120,
      84,
      45,
      148,
      54,
      49,
      65,
      95,
      52,
      125,
      113,
      65,
      97,
      160,
      83,
      111,
      49,
      126,
      49,
      43,
      85,
      149,
      27,
      3,
      111,
      74,
      48,
      12,
      27,
      8,
      76,
      82,
      16,
      86,
      163,
      71,
      108,
      55,
      46,
      42,
      173,
      176,
      153,
      19,
      66,
      43,
      159,
      132,
      28,
      150,
      53,
      173,
      99,
      60,
      58,
      72,
      147,
      111
    ],
    "objectives": [
      0.15825488194726625,
      -0.3932773109243698
    ],
    "quantity": 0.06885245901639345,
    "strategy": {
      "firstOperation": {
        "name": "All Operators",
        "successor": {
          "selection": {
            "selectionType": {
              "name": "Sequential"
            },
            "quantity": 8,
            "percentage": 0.0,
            "name": "Selection"
          },
          "name": "Discard Mutants",
          "successor": {
            "selection": {
              "selectionType": {
                "name": "Random"
              },
              "quantity": 0,
              "percentage": 0.8,
              "sorter": {
                "reversed": false,
                "name": "Sort Operators by Mutant Quantity"
              },
              "name": "Selection"
            },
            "name": "Discard Operators",
            "successor": {
              "selection": {
                "selectionType": {
                  "name": "LastToFirst"
                },
                "quantity": 0,
                "percentage": 0.7,
                "name": "Selection"
              },
              "name": "Select Mutants",
              "successor": {
                "selection": {
                  "selectionType": {
                    "name": "Random"
                  },
                  "quantity": 8,
                  "percentage": 0.0,
                  "name": "Selection"
                },
                "name": "Select Operators",
                "successor": {
                  "selection": {
                    "selectionType": {
                      "name": "LastToFirst"
                    },
                    "quantity": 0,
                    "percentage": 0.5,
                    "name": "Group Selection"
                  },
                  "name": "Select Mutants",
                  "successor": {
                    "selection": {
                      "selectionType": {
                        "name": "Sequential"
                      },
                      "quantity": 0,
                      "percentage": 0.2,
                      "sorter": {
                        "reversed": true,
                        "name": "Sort Operators by Type"
                      },
                      "name": "Selection"
                    },
                    "executionType": {
                      "name": "Conventional Execution"
                    },
                    "name": "Execute Operators",
                    "successor": {
                      "name": "New Branch",
                      "successor": {
                        "name": "Store Mutants"
                      },
                      "secondSuccessor": {
                        "name": "Store Mutants"
                      }
                    }
                  }
                }
              }
            }
          }
        }
      }
    }
  },
  {
    "variables": [
      145,
      71,
      104,
      82,
      132,
      63,
      127,
      0,
      91,
      25,
      80,
      73,
      68,
      153,
      166,
      57,
      5,
      76,
      39,
      68,
      119,
      133,
      26,
      0,
      168,
      112,
      38,
      4,
      85,
      17,
      105,
      110,
      61,
      153,
      24,
      5,
      149,
      127,
      172,
      69,
      62,
      141,
      80,
      25,
      124,
      104,
      131,
      31,
      132,
      63,
      24,
      172,
      179,
      161,
      93,
      43,
      159,
      132,
      28,
      150,
      100,
      108,
      83,
      87,
      43,
      159,
      132,
      66,
      43,
      159,
      132,
      28,
      150,
      176,
      157,
      96,
      154,
      73,
      71,
      88,
      144,
      146,
      24,
      11,
      94,
      104,
      172,
      179,
      23,
      66,
      43,
      58,
      122,
      122,
      169,
      150,
      66,
      43,
      159,
      132,
      28,
      150,
      86,
      157,
      48,
      91,
      25,
      170,
      63,
      24,
      172,
      179,
      23,
      66,
      43,
      58,
      128,
      157,
      150,
      66,
      43,
      159,
      132,
      28,
      150,
      52,
      176,
      148,
      110,
      100,
      26,
      91,
      169,
      43,
      159,
      132,
      28,
      150,
      1,
      173,
      126,
      60,
      58,
      96,
      107,
      165,
      166,
      150,
      15,
      157,
      96,
      154,
      73,
      71,
      88,
      144,
      58,
      119,
      162,
      28,
      56,
      1,
      160,
      96,
      174,
      18,
      159,
      173,
      146,
      43,
      44,
      7,
      130,
      174,
      73,
      68,
      153,
      166,
      57,
      5,
      76,
      39,
      68,
      119,
      133,
      26,
      0,
      168,
      16,
      38,
      95,
      85,
      17,
      105,
      110,
      61,
      61,
      24,
      5,
      149,
      172,
      172,
      69,
      62,
      141,
      9,
      62,
      86,
      109,
      100,
      106,
      45,
      48,
      91,
      25,
      174,
      73,
      8,
      153,
      166,
      57,
      5,
      146,
      166,
      14,
      11,
      70,
      66,
      43,
      159,
      132,
      28,
      150,
      15,
      157,
      96,
      154,
      73,
      71,
      88,
      144,
      58,
      119,
      121,
      28,
      56,
      1,
      160,
      96,
      174,
      18,
      159,
      162,
      146,
      43,
      44,
      7,
      83,
      81,
      121,
      91,
      138,
      61,
      137,
      39,
      133,
      141,
      167,
      127,
      103,
      37,
      79,
      113,
      9,
      33,
      96,
      0,
      176,
      99,
      87,
      134,
      5,
      146,
      159,
      132
    ],
    "objectives": [
      0.14169774554243397,
      -0.30588235294117644
    ],
    "quantity": 0.029508196721311476,
    "strategy": {
      "firstOperation": {
        "name": "All Operators",
        "successor": {
          "selection": {
            "selectionType": {
              "name": "Sequential"
            },
            "quantity": 8,
            "percentage": 0.0,
            "name": "Selection"
          },
          "name": "Discard Mutants",
          "successor": {
            "selection": {
              "selectionType": {
                "name": "Random"
              },
              "quantity": 0,
              "percentage": 0.8,
              "sorter": {
                "reversed": false,
                "name": "Sort Operators by Mutant Quantity"
              },
              "name": "Selection"
            },
            "name": "Discard Operators",
            "successor": {
              "selection": {
                "selectionType": {
                  "name": "LastToFirst"
                },
                "quantity": 0,
                "percentage": 0.7,
                "name": "Selection"
              },
              "name": "Select Mutants",
              "successor": {
                "selection": {
                  "selectionType": {
                    "name": "Random"
                  },
                  "quantity": 8,
                  "percentage": 0.0,
                  "name": "Selection"
                },
                "name": "Select Operators",
                "successor": {
                  "selection": {
                    "selectionType": {
                      "name": "LastToFirst"
                    },
                    "quantity": 0,
                    "percentage": 0.5,
                    "name": "Group Selection"
                  },
                  "name": "Select Mutants",
                  "successor": {
                    "selection": {
                      "selectionType": {
                        "name": "Sequential"
                      },
                      "quantity": 0,
                      "percentage": 0.2,
                      "sorter": {
                        "reversed": true,
                        "name": "Sort Operators by Type"
                      },
                      "name": "Selection"
                    },
                    "executionType": {
                      "name": "Conventional Execution"
                    },
                    "name": "Execute Operators",
                    "successor": {
                      "selection": {
                        "selectionType": {
                          "name": "Random"
                        },
                        "quantity": 0,
                        "percentage": 0.4,
                        "sorter": {
                          "reversed": false,
                          "name": "Sort Mutants by Operator Type"
                        },
                        "name": "Selection"
                      },
                      "name": "Discard Mutants",
                      "successor": {
                        "name": "Store Mutants"
                      }
                    }
                  }
                }
              }
            }
          }
        }
      }
    }
  },
  {
    "variables": [
      145,
      71,
      104,
      82,
      132,
      63,
      127,
      0,
      91,
      25,
      174,
      73,
      68,
      153,
      166,
      57,
      5,
      76,
      39,
      68,
      119,
      133,
      26,
      0,
      168,
      112,
      38,
      4,
      85,
      17,
      105,
      110,
      61,
      61,
      24,
      5,
      149,
      172,
      172,
      69,
      62,
      141,
      80,
      25,
      124,
      104,
      131,
      31,
      132,
      63,
      24,
      172,
      179,
      161,
      66,
      43,
      159,
      132,
      28,
      150,
      100,
      108,
      83,
      87,
      43,
      159,
      132,
      66,
      43,
      159,
      132,
      28,
      150,
      52,
      157,
      96,
      154,
      73,
      71,
      88,
      144,
      146,
      24,
      11,
      94,
      104,
      152,
      132,
      63,
      24,
      172,
      179,
      23,
      66,
      43,
      58,
      122,
      169,
      114,
      31,
      9,
      179,
      132,
      0,
      26,
      111,
      41,
      26,
      103,
      22,
      153,
      83,
      83,
      75,
      12,
      138,
      124,
      168,
      74,
      26,
      46,
      134,
      25,
      174,
      79,
      80,
      25,
      124,
      104,
      77,
      31,
      13,
      124,
      35,
      167,
      27,
      152,
      143,
      157,
      35,
      14,
      133,
      85,
      161,
      170,
      94,
      179,
      143,
      86,
      56,
      110,
      113,
      162,
      87,
      47,
      93,
      105,
      40,
      103,
      107,
      35,
      84,
      11,
      106,
      164,
      144,
      74,
      142,
      0,
      23,
      2,
      9,
      6,
      70,
      175,
      167,
      5,
      133,
      53,
      155,
      106,
      80,
      25,
      161,
      66,
      4,
      159,
      132,
      28,
      150,
      83,
      174,
      176,
      142,
      110,
      100,
      108,
      91,
      87,
      43,
      159,
      132,
      133,
      86,
      56,
      25,
      113,
      162,
      49,
      65,
      95,
      52,
      125,
      113,
      65,
      97,
      160,
      83,
      111,
      49,
      126,
      49,
      43,
      84,
      179,
      27,
      43,
      58,
      122,
      157,
      150,
      66,
      21,
      159,
      89,
      28,
      104,
      131,
      31,
      132,
      63,
      24,
      172,
      31,
      161,
      66,
      43,
      159,
      132,
      28,
      150,
      100,
      108,
      83,
      87,
      43,
      159,
      132,
      66,
      43,
      159,
      132,
      28,
      150,
      52,
      157,
      96,
      154,
      73,
      71,
      88,
      144,
      146,
      24,
      11,
      94,
      104,
      82,
      132,
      63,
      24,
      172,
      179,
      23,
      66,
      43,
      58,
      122,
      169,
      114,
      31,
      9,
      179,
      132,
      31,
      26,
      111,
      41,
      26,
      103,
      22,
      153,
      83,
      83,
      75,
      12,
      138,
      124,
      168,
      74,
      26,
      46,
      83,
      25,
      43,
      58,
      122,
      157,
      150,
      66,
      43,
      159,
      132,
      28,
      150,
      15,
      157,
      96,
      154,
      73,
      71,
      88,
      144,
      58,
      119,
      121,
      28,
      56,
      1,
      160,
      96,
      174,
      18,
      159,
      162,
      146,
      43,
      44,
      7,
      83,
      81,
      75,
      91,
      138,
      61,
      137,
      39,
      133,
      141,
      167,
      127,
      103,
      37,
      79,
      113,
      9,
      142,
      93,
      38,
      42
    ],
    "objectives": [
      0.12913326546260442,
      -0.26890756302521013
    ],
    "quantity": 0.047540983606557376,
    "strategy": {
      "firstOperation": {
        "name": "All Operators",
        "successor": {
          "selection": {
            "selectionType": {
              "name": "Sequential"
            },
            "quantity": 8,
            "percentage": 0.0,
            "name": "Selection"
          },
          "name": "Discard Mutants",
          "successor": {
            "selection": {
              "selectionType": {
                "name": "Random"
              },
              "quantity": 0,
              "percentage": 0.8,
              "sorter": {
                "reversed": false,
                "name": "Sort Operators by Mutant Quantity"
              },
              "name": "Selection"
            },
            "name": "Discard Operators",
            "successor": {
              "selection": {
                "selectionType": {
                  "name": "LastToFirst"
                },
                "quantity": 0,
                "percentage": 0.7,
                "name": "Selection"
              },
              "name": "Select Mutants",
              "successor": {
                "selection": {
                  "selectionType": {
                    "name": "Random"
                  },
                  "quantity": 8,
                  "percentage": 0.0,
                  "name": "Selection"
                },
                "name": "Select Operators",
                "successor": {
                  "selection": {
                    "selectionType": {
                      "name": "LastToFirst"
                    },
                    "quantity": 0,
                    "percentage": 0.5,
                    "name": "Group Selection"
                  },
                  "name": "Select Mutants",
                  "successor": {
                    "selection": {
                      "selectionType": {
                        "name": "Sequential"
                      },
                      "quantity": 0,
                      "percentage": 0.2,
                      "sorter": {
                        "reversed": true,
                        "name": "Sort Operators by Type"
                      },
                      "name": "Selection"
                    },
                    "executionType": {
                      "name": "Conventional Execution"
                    },
                    "name": "Execute Operators",
                    "successor": {
                      "name": "New Branch",
                      "successor": {
                        "name": "Store Mutants"
                      },
                      "secondSuccessor": {
                        "name": "Store Mutants"
                      }
                    }
                  }
                }
              }
            }
          }
        }
      }
    }
  },
  {
    "variables": [
      145,
      71,
      104,
      82,
      132,
      63,
      127,
      0,
      91,
      25,
      80,
      73,
      68,
      153,
      166,
      57,
      5,
      76,
      39,
      68,
      119,
      133,
      26,
      0,
      168,
      112,
      38,
      4,
      85,
      17,
      105,
      110,
      61,
      61,
      24,
      5,
      149,
      127,
      172,
      69,
      62,
      141,
      80,
      25,
      124,
      104,
      131,
      31,
      132,
      63,
      24,
      172,
      179,
      161,
      66,
      43,
      159,
      132,
      28,
      150,
      100,
      108,
      83,
      87,
      43,
      159,
      132,
      66,
      43,
      159,
      132,
      28,
      150,
      176,
      157,
      96,
      154,
      73,
      71,
      88,
      144,
      146,
      24,
      11,
      94,
      104,
      172,
      179,
      23,
      66,
      43,
      58,
      122,
      122,
      169,
      150,
      66,
      43,
      159,
      132,
      28,
      150,
      86,
      157,
      48,
      91,
      25,
      170,
      63,
      24,
      172,
      179,
      23,
      66,
      43,
      58,
      122,
      157,
      150,
      66,
      43,
      159,
      132,
      28,
      150,
      52,
      176,
      148,
      110,
      100,
      26,
      91,
      169,
      43,
      159,
      132,
      28,
      150,
      1,
      173,
      126,
      60,
      58,
      96,
      107,
      165,
      166,
      150,
      15,
      157,
      96,
      154,
      73,
      71,
      88,
      144,
      58,
      119,
      162,
      28,
      56,
      1,
      160,
      96,
      174,
      18,
      159,
      173,
      146,
      43,
      44,
      7,
      130,
      174,
      73,
      68,
      153,
      166,
      57,
      5,
      76,
      39,
      68,
      119,
      133,
      26,
      0,
      168,
      16,
      38,
      95,
      85,
      17,
      105,
      110,
      61,
      61,
      24,
      5,
      149,
      172,
      172,
      69,
      62,
      141,
      9,
      62,
      86,
      109,
      100,
      106,
      45,
      48,
      91,
      25,
      174,
      73,
      68,
      153,
      166,
      57,
      5,
      146,
      166,
      14,
      11,
      70,
      106,
      100,
      176,
      56,
      88,
      157,
      44,
      72,
      83,
      174,
      176,
      148,
      110,
      100,
      108,
      91,
      87,
      43,
      159,
      132,
      28,
      150,
      108,
      91,
      87,
      43,
      159,
      132,
      133,
      141,
      123,
      56,
      81,
      172,
      179,
      172,
      69,
      62,
      141
    ],
    "objectives": [
      0.0893898679539564,
      -0.24369747899159666
    ],
    "quantity": 0.039344262295081964,
    "strategy": {
      "firstOperation": {
        "name": "All Operators",
        "successor": {
          "selection": {
            "selectionType": {
              "name": "Sequential"
            },
            "quantity": 8,
            "percentage": 0.0,
            "name": "Selection"
          },
          "name": "Discard Mutants",
          "successor": {
            "selection": {
              "selectionType": {
                "name": "Random"
              },
              "quantity": 0,
              "percentage": 0.8,
              "sorter": {
                "reversed": false,
                "name": "Sort Operators by Mutant Quantity"
              },
              "name": "Selection"
            },
            "name": "Discard Operators",
            "successor": {
              "selection": {
                "selectionType": {
                  "name": "LastToFirst"
                },
                "quantity": 0,
                "percentage": 0.7,
                "name": "Selection"
              },
              "name": "Select Mutants",
              "successor": {
                "selection": {
                  "selectionType": {
                    "name": "Random"
                  },
                  "quantity": 8,
                  "percentage": 0.0,
                  "name": "Selection"
                },
                "name": "Select Operators",
                "successor": {
                  "selection": {
                    "selectionType": {
                      "name": "LastToFirst"
                    },
                    "quantity": 0,
                    "percentage": 0.5,
                    "name": "Group Selection"
                  },
                  "name": "Select Mutants",
                  "successor": {
                    "selection": {
                      "selectionType": {
                        "name": "Sequential"
                      },
                      "quantity": 0,
                      "percentage": 0.2,
                      "sorter": {
                        "reversed": true,
                        "name": "Sort Operators by Type"
                      },
                      "name": "Selection"
                    },
                    "executionType": {
                      "name": "Conventional Execution"
                    },
                    "name": "Execute Operators",
                    "successor": {
                      "name": "New Branch",
                      "successor": {
                        "name": "Store Mutants"
                      },
                      "secondSuccessor": {
                        "name": "Store Mutants"
                      }
                    }
                  }
                }
              }
            }
          }
        }
      }
    }
  },
  {
    "variables": [
      145,
      71,
      104,
      82,
      132,
      63,
      127,
      0,
      91,
      25,
      174,
      73,
      68,
      153,
      166,
      57,
      5,
      76,
      39,
      68,
      119,
      133,
      26,
      0,
      168,
      112,
      38,
      4,
      85,
      17,
      105,
      110,
      61,
      61,
      24,
      5,
      149,
      172,
      172,
      144,
      62,
      141,
      80,
      25,
      124,
      104,
      131,
      31,
      132,
      63,
      24,
      172,
      179,
      161,
      66,
      43,
      159,
      132,
      28,
      150,
      100,
      108,
      83,
      87,
      43,
      159,
      132,
      66,
      43,
      159,
      132,
      28,
      150,
      52,
      157,
      96,
      154,
      73,
      71,
      88,
      144,
      146,
      24,
      11,
      94,
      104,
      82,
      132,
      63,
      24,
      172,
      179,
      23,
      66,
      43,
      58,
      122,
      169,
      114,
      31,
      9,
      179,
      132,
      0,
      26,
      111,
      41,
      110,
      103,
      22,
      153,
      83,
      83,
      75,
      12,
      138,
      124,
      168,
      74,
      26,
      46,
      134,
      25,
      43,
      58,
      122,
      64,
      150,
      66,
      43,
      159,
      132,
      28,
      145,
      56,
      104,
      82,
      132,
      141,
      80,
      25,
      124,
      104,
      131,
      31,
      80,
      63,
      38,
      172,
      179,
      161,
      66,
      43,
      159,
      132,
      28,
      150,
      83,
      174,
      176,
      148,
      110,
      100,
      108,
      127,
      68,
      43,
      159,
      132,
      133,
      141,
      123,
      56,
      81,
      134,
      90,
      98,
      33,
      104,
      131,
      31,
      132,
      63,
      24,
      172,
      179,
      161,
      66,
      43,
      159,
      132,
      28,
      150,
      83,
      174,
      176,
      148,
      110
    ],
    "objectives": [
      0.08602648742613303,
      -0.13781512605042018
    ],
    "quantity": 0.02459016393442623,
    "strategy": {
      "firstOperation": {
        "name": "All Operators",
        "successor": {
          "selection": {
            "selectionType": {
              "name": "Sequential"
            },
            "quantity": 8,
            "percentage": 0.0,
            "name": "Selection"
          },
          "name": "Discard Mutants",
          "successor": {
            "selection": {
              "selectionType": {
                "name": "Random"
              },
              "quantity": 0,
              "percentage": 0.8,
              "sorter": {
                "reversed": false,
                "name": "Sort Operators by Mutant Quantity"
              },
              "name": "Selection"
            },
            "name": "Discard Operators",
            "successor": {
              "selection": {
                "selectionType": {
                  "name": "LastToFirst"
                },
                "quantity": 0,
                "percentage": 0.7,
                "name": "Selection"
              },
              "name": "Select Mutants",
              "successor": {
                "selection": {
                  "selectionType": {
                    "name": "Random"
                  },
                  "quantity": 8,
                  "percentage": 0.0,
                  "name": "Selection"
                },
                "name": "Select Operators",
                "successor": {
                  "selection": {
                    "selectionType": {
                      "name": "LastToFirst"
                    },
                    "quantity": 0,
                    "percentage": 0.5,
                    "name": "Group Selection"
                  },
                  "name": "Select Mutants",
                  "successor": {
                    "selection": {
                      "selectionType": {
                        "name": "Sequential"
                      },
                      "quantity": 0,
                      "percentage": 0.2,
                      "sorter": {
                        "reversed": true,
                        "name": "Sort Operators by Type"
                      },
                      "name": "Selection"
                    },
                    "executionType": {
                      "name": "Conventional Execution"
                    },
                    "name": "Execute Operators",
                    "successor": {
                      "name": "New Branch",
                      "successor": {
                        "name": "Store Mutants"
                      },
                      "secondSuccessor": {
                        "name": "Store Mutants"
                      }
                    }
                  }
                }
              }
            }
          }
        }
      }
    }
  },
  {
    "variables": [
      145,
      71,
      104,
      82,
      132,
      63,
      127,
      0,
      91,
      25,
      174,
      73,
      68,
      153,
      166,
      57,
      5,
      76,
      39,
      68,
      119,
      133,
      26,
      0,
      168,
      112,
      38,
      4,
      85,
      17,
      105,
      110,
      61,
      61,
      24,
      5,
      149,
      172,
      38,
      69,
      62,
      141,
      80,
      25,
      124,
      104,
      131,
      31,
      132,
      63,
      24,
      172,
      179,
      161,
      66,
      43,
      159,
      132,
      28,
      150,
      100,
      108,
      83,
      87,
      43,
      159,
      132,
      66,
      43,
      159,
      132,
      28,
      150,
      52,
      157,
      137,
      154,
      73,
      71,
      88,
      144,
      146,
      24,
      11,
      94,
      104,
      82,
      132,
      63,
      24,
      172,
      170,
      23,
      66,
      43,
      58,
      122,
      169,
      114,
      179,
      9,
      179,
      132,
      0,
      26,
      111,
      41,
      26,
      103,
      22,
      153,
      83,
      83,
      75,
      12,
      138,
      124,
      168,
      74,
      26,
      46,
      134,
      25,
      174,
      79,
      80,
      25,
      124,
      104,
      77,
      31,
      13,
      124,
      35,
      167,
      27,
      152,
      143,
      157,
      35,
      14,
      133,
      85,
      161,
      170,
      94,
      179,
      143,
      86,
      56,
      110,
      113,
      162,
      87,
      55,
      93,
      105,
      40,
      103,
      107,
      35,
      84,
      11,
      106,
      164,
      144,
      74,
      142,
      0,
      23,
      22,
      9,
      6,
      70,
      175,
      167,
      5,
      133,
      53,
      155,
      106,
      80,
      25,
      161,
      66,
      1,
      173,
      126,
      60,
      58,
      96,
      107,
      165,
      166,
      177,
      7,
      33,
      18,
      106,
      45,
      131,
      63,
      162,
      99,
      47,
      68,
      102,
      78,
      114,
      105,
      114,
      169,
      33,
      116,
      110,
      100,
      108,
      15,
      67,
      121,
      50,
      123,
      4,
      79,
      134,
      79,
      143,
      151,
      163,
      116,
      173
    ],
    "objectives": [
      0.07364300657691339,
      -0.10588235294117647
    ],
    "quantity": 0.014754098360655738,
    "strategy": {
      "firstOperation": {
        "name": "All Operators",
        "successor": {
          "selection": {
            "selectionType": {
              "name": "Sequential"
            },
            "quantity": 8,
            "percentage": 0.0,
            "name": "Selection"
          },
          "name": "Discard Mutants",
          "successor": {
            "selection": {
              "selectionType": {
                "name": "Random"
              },
              "quantity": 0,
              "percentage": 0.8,
              "sorter": {
                "reversed": false,
                "name": "Sort Operators by Mutant Quantity"
              },
              "name": "Selection"
            },
            "name": "Discard Operators",
            "successor": {
              "selection": {
                "selectionType": {
                  "name": "LastToFirst"
                },
                "quantity": 0,
                "percentage": 0.7,
                "name": "Selection"
              },
              "name": "Select Mutants",
              "successor": {
                "selection": {
                  "selectionType": {
                    "name": "Random"
                  },
                  "quantity": 8,
                  "percentage": 0.0,
                  "name": "Selection"
                },
                "name": "Select Operators",
                "successor": {
                  "selection": {
                    "selectionType": {
                      "name": "LastToFirst"
                    },
                    "quantity": 0,
                    "percentage": 0.5,
                    "name": "Group Selection"
                  },
                  "name": "Select Mutants",
                  "successor": {
                    "selection": {
                      "selectionType": {
                        "name": "Sequential"
                      },
                      "quantity": 0,
                      "percentage": 0.2,
                      "sorter": {
                        "reversed": true,
                        "name": "Sort Operators by Type"
                      },
                      "name": "Selection"
                    },
                    "executionType": {
                      "name": "Conventional Execution"
                    },
                    "name": "Execute Operators",
                    "successor": {
                      "name": "New Branch",
                      "successor": {
                        "name": "Store Mutants"
                      },
                      "secondSuccessor": {
                        "name": "Store Mutants"
                      }
                    }
                  }
                }
              }
            }
          }
        }
      }
    }
  },
  {
    "variables": [
      145,
      56,
      104,
      82,
      132,
      63,
      127,
      0,
      91,
      25,
      174,
      73,
      68,
      153,
      166,
      57,
      5,
      76,
      39,
      68,
      52,
      173,
      128,
      60,
      3,
      145,
      171,
      127,
      0,
      91,
      25,
      174,
      73,
      68,
      153,
      166,
      57,
      5,
      76,
      39,
      68,
      119,
      133,
      26,
      0,
      168,
      16,
      38,
      95,
      85,
      17,
      105,
      110,
      61,
      61,
      24,
      5,
      149,
      172,
      79,
      69,
      62,
      141,
      80,
      25,
      124,
      104,
      131,
      31,
      132,
      63,
      24,
      172,
      179,
      161,
      66,
      43,
      159,
      132,
      28,
      150,
      83,
      174,
      176,
      148,
      110,
      100,
      108,
      127,
      87,
      43,
      159,
      132,
      133,
      141,
      123,
      56,
      81,
      134,
      90,
      98,
      33,
      104,
      131,
      31,
      132,
      63,
      24,
      131,
      179,
      161,
      66,
      43,
      159,
      132,
      28,
      150,
      83,
      174,
      176,
      148,
      110
    ],
    "objectives": [
      0.057750351769264685,
      -0.07058823529411765
    ],
    "quantity": 0.013114754098360656,
    "strategy": {
      "firstOperation": {
        "name": "All Operators",
        "successor": {
          "selection": {
            "selectionType": {
              "name": "Sequential"
            },
            "quantity": 8,
            "percentage": 0.0,
            "name": "Selection"
          },
          "name": "Select Mutants",
          "successor": {
            "selection": {
              "selectionType": {
                "name": "Random"
              },
              "quantity": 0,
              "percentage": 0.8,
              "sorter": {
                "reversed": false,
                "name": "Sort Operators by Mutant Quantity"
              },
              "name": "Selection"
            },
            "name": "Discard Operators",
            "successor": {
              "selection": {
                "selectionType": {
                  "name": "Random"
                },
                "quantity": 0,
                "percentage": 0.9,
                "name": "Selection"
              },
              "name": "Select Mutants",
              "successor": {
                "selection": {
                  "selectionType": {
                    "name": "Sequential"
                  },
                  "quantity": 0,
                  "percentage": 0.6,
                  "name": "Group Selection"
                },
                "name": "Select Operators",
                "successor": {
                  "selection": {
                    "selectionType": {
                      "name": "LastToFirst"
                    },
                    "quantity": 6,
                    "percentage": 0.0,
                    "sorter": {
                      "reversed": false,
                      "name": "Sort Groups by Quantity in Group"
                    },
                    "name": "Group Selection"
                  },
                  "name": "Select Operators",
                  "successor": {
                    "selection": {
                      "selectionType": {
                        "name": "Sequential"
                      },
                      "quantity": 0,
                      "percentage": 0.9,
                      "sorter": {
                        "reversed": true,
                        "name": "Sort Groups by Quantity in Group"
                      },
                      "name": "Group Selection"
                    },
                    "executionType": {
                      "name": "Conventional Execution"
                    },
                    "name": "Execute Operators",
                    "successor": {
                      "name": "New Branch",
                      "successor": {
                        "name": "Store Mutants"
                      },
                      "secondSuccessor": {
                        "name": "New Branch",
                        "successor": {
                          "selection": {
                            "selectionType": {
                              "name": "Sequential"
                            },
                            "quantity": 8,
                            "percentage": 0.0,
                            "name": "Selection"
                          },
                          "name": "Discard Operators",
                          "successor": {
                            "name": "Store Mutants"
                          }
                        },
                        "secondSuccessor": {
                          "name": "Store Mutants"
                        }
                      }
                    }
                  }
                }
              }
            }
          }
        }
      }
    }
  }
]}