{
    "session":"GE",
    "result": [
  {
    "variables": [
      92,
      74,
      46,
      163,
      17,
      5,
      116,
      32,
      57,
      48,
      61,
      37,
      151,
      3,
      82,
      129,
      50,
      60,
      146,
      21,
      72,
      149,
      157,
      75,
      74,
      20,
      93,
      67,
      93,
      27,
      59,
      95,
      21,
      43,
      130,
      46,
      89,
      48,
      158,
      23,
      123,
      101,
      115,
      124,
      112,
      162,
      12,
      163,
      114,
      37,
      65,
      83,
      54,
      167,
      125,
      64,
      42,
      135,
      33,
      125,
      17,
      48,
      83,
      22,
      94,
      163,
      103,
      174,
      178,
      33,
      27,
      17,
      48,
      73,
      59,
      68,
      68,
      13,
      141,
      175,
      21,
      161,
      110,
      74,
      134,
      68,
      55,
      123,
      101,
      115,
      124,
      112,
      162,
      12,
      163,
      114,
      101,
      65,
      83,
      64,
      50,
      67,
      134,
      6,
      142,
      28,
      91,
      38,
      16,
      82,
      158,
      108,
      136,
      149,
      147,
      57,
      149,
      123,
      115,
      55,
      23,
      63,
      38,
      41,
      34,
      178,
      138,
      147,
      160,
      40,
      14,
      15,
      17,
      90,
      165,
      4,
      44,
      57,
      32,
      151,
      128,
      149,
      151,
      57,
      149,
      123,
      91,
      55,
      23,
      63,
      38,
      89,
      34,
      54,
      79,
      70,
      12,
      34,
      100,
      89,
      129,
      52,
      19,
      20,
      97,
      119,
      91,
      38,
      83,
      91,
      38,
      16,
      82,
      158,
      33,
      136,
      149,
      147,
      57,
      149,
      123,
      115,
      55,
      23,
      63,
      38,
      41,
      34,
      178,
      138,
      147,
      160,
      40,
      14,
      15,
      17,
      90,
      165,
      4,
      44,
      57,
      20,
      168,
      30,
      70,
      44,
      125,
      115,
      160,
      29,
      94,
      79,
      55,
      20,
      128,
      63,
      99,
      96,
      94,
      67,
      37,
      171,
      168,
      74,
      68,
      112,
      105,
      63,
      163,
      25,
      61,
      57,
      78,
      30,
      139,
      175,
      151,
      96,
      32,
      151,
      128,
      38,
      147,
      63,
      97,
      41,
      34,
      54,
      79,
      109,
      38,
      6,
      131,
      135,
      125,
      114,
      37,
      65,
      83,
      114,
      50,
      48,
      112,
      169,
      173,
      158,
      173
    ],
    "objectives": [
      0.2855781019512615,
      -1.0
    ],
    "quantity": 1.0,
    "strategy": {
      "firstOperation": {
        "name": "All Operators",
        "successor": {
          "selection": {
            "selectionType": {
              "name": "LastToFirst"
            },
            "quantity": 6,
            "percentage": 0.0,
            "sorter": {
              "reversed": true,
              "name": "Sort Groups by Quantity in Group"
            },
            "name": "Group Selection"
          },
          "executionType": {
            "name": "Conventional Execution"
          },
          "name": "Execute Operators",
          "successor": {
            "selection": {
              "selectionType": {
                "name": "Random"
              },
              "quantity": 4,
              "percentage": 0.0,
              "sorter": {
                "reversed": true,
                "name": "Sort Operators by Mutant Quantity"
              },
              "name": "Selection"
            },
            "name": "Discard Operators",
            "successor": {
              "name": "New Branch",
              "successor": {
                "name": "Store Mutants"
              },
              "secondSuccessor": {
                "selection": {
                  "selectionType": {
                    "name": "LastToFirst"
                  },
                  "quantity": 9,
                  "percentage": 0.0,
                  "name": "Group Selection"
                },
                "name": "Select Mutants",
                "successor": {
                  "selection": {
                    "selectionType": {
                      "name": "Random"
                    },
                    "quantity": 6,
                    "percentage": 0.0,
                    "name": "Selection"
                  },
                  "name": "Discard Mutants",
                  "successor": {
                    "selection": {
                      "selectionType": {
                        "name": "LastToFirst"
                      },
                      "quantity": 2,
                      "percentage": 0.0,
                      "sorter": {
                        "reversed": true,
                        "name": "Sort Mutants by Operator"
                      },
                      "name": "Selection"
                    },
                    "name": "Discard Mutants",
                    "successor": {
                      "name": "Store Mutants"
                    }
                  }
                }
              }
            }
          }
        }
      }
    }
  },
  {
    "variables": [
      92,
      74,
      46,
      163,
      112,
      5,
      179,
      32,
      57,
      22,
      61,
      17,
      151,
      3,
      82,
      129,
      38,
      60,
      146,
      21,
      71,
      60,
      83,
      69,
      43,
      149,
      50,
      95,
      21,
      43,
      130,
      46,
      25,
      151,
      149,
      22,
      23,
      67,
      27,
      123,
      109,
      49,
      108,
      96,
      145,
      149,
      63,
      34,
      69,
      43,
      149,
      50,
      95,
      21,
      43,
      130,
      178,
      33,
      154,
      52,
      32,
      151,
      128,
      149,
      151,
      57,
      149,
      4,
      91,
      55,
      23,
      63,
      38,
      41,
      34,
      54,
      79,
      60,
      12,
      34,
      100,
      89,
      129,
      52,
      19,
      20,
      167,
      119,
      167,
      0,
      178,
      52,
      141,
      111,
      40,
      49,
      33,
      143,
      27,
      4,
      54,
      167,
      125,
      64,
      154,
      135,
      33,
      125,
      17,
      48,
      83,
      22,
      94,
      163,
      103,
      174,
      178,
      33,
      27,
      17,
      48,
      83,
      59,
      68,
      68,
      13,
      141,
      175,
      21,
      161,
      138,
      54,
      79,
      109,
      38,
      6,
      131,
      135,
      125,
      114,
      37,
      65,
      83,
      64,
      50,
      48,
      112,
      169,
      173,
      158,
      173
    ],
    "objectives": [
      0.2689111309703861,
      -0.9798319327731093
    ],
    "quantity": 0.9131147540983606,
    "strategy": {
      "firstOperation": {
        "name": "All Operators",
        "successor": {
          "selection": {
            "selectionType": {
              "name": "LastToFirst"
            },
            "quantity": 8,
            "percentage": 0.0,
            "name": "Group Selection"
          },
          "executionType": {
            "name": "Conventional Execution"
          },
          "name": "Execute Operators",
          "successor": {
            "name": "Store Mutants"
          }
        }
      }
    }
  },
  {
    "variables": [
      92,
      74,
      46,
      163,
      112,
      5,
      179,
      32,
      57,
      22,
      61,
      17,
      151,
      3,
      82,
      129,
      38,
      60,
      146,
      21,
      1,
      147,
      39,
      68,
      112,
      105,
      63,
      1,
      25,
      61,
      57,
      78,
      30,
      30,
      175,
      151,
      96,
      32,
      151,
      128,
      149,
      103,
      57,
      149,
      123,
      91,
      55,
      96,
      145,
      140,
      46,
      115,
      17,
      22,
      179,
      32,
      33,
      48,
      61,
      17,
      151,
      3,
      82,
      33,
      143,
      27,
      4,
      89,
      63,
      96,
      41,
      34,
      54,
      79,
      60,
      12,
      34,
      100,
      89,
      129,
      52,
      19,
      72,
      167,
      178,
      167,
      0,
      178,
      52,
      141,
      132,
      40,
      49,
      33,
      143,
      27,
      43,
      149,
      27,
      95,
      112,
      43,
      130,
      164,
      11,
      83
    ],
    "objectives": [
      0.2357590152358327,
      -0.9495798319327731
    ],
    "quantity": 0.40983606557377056,
    "strategy": {
      "firstOperation": {
        "name": "All Operators",
        "successor": {
          "selection": {
            "selectionType": {
              "name": "LastToFirst"
            },
            "quantity": 10,
            "percentage": 0.0,
            "name": "Group Selection"
          },
          "executionType": {
            "name": "Conventional Execution"
          },
          "name": "Execute Operators",
          "successor": {
            "name": "Store Mutants"
          }
        }
      }
    }
  },
  {
    "variables": [
      92,
      74,
      46,
      163,
      17,
      5,
      179,
      90,
      57,
      48,
      61,
      37,
      151,
      3,
      82,
      49,
      50,
      60,
      146,
      21,
      72,
      149,
      157,
      75,
      74,
      20,
      93,
      67,
      93,
      27,
      59,
      95,
      21,
      43,
      130,
      46,
      89,
      48,
      158,
      23,
      123,
      101,
      115,
      124,
      112,
      162,
      12,
      163,
      114,
      37,
      65,
      83,
      126,
      50,
      67,
      134,
      6,
      142,
      28,
      91,
      38,
      16,
      82,
      158,
      108,
      136,
      110,
      85,
      14,
      169,
      21,
      119,
      43,
      149,
      50,
      95,
      21,
      142,
      55,
      6,
      71,
      60,
      83,
      69,
      43,
      149,
      50,
      95,
      21,
      99,
      130,
      46,
      25,
      151,
      149,
      22,
      94,
      163,
      103,
      174,
      12,
      34,
      100,
      78,
      129,
      52,
      19,
      72,
      167,
      51,
      167,
      0,
      178,
      103,
      141,
      132,
      40,
      49,
      155,
      160,
      71,
      148,
      13,
      123,
      91,
      5,
      100,
      85,
      66,
      110,
      132,
      125,
      19,
      147,
      135,
      72,
      167,
      178,
      167,
      0,
      178,
      52,
      141,
      132,
      43,
      67,
      149,
      22,
      66,
      89,
      48,
      158,
      23,
      123,
      101,
      115,
      124,
      112,
      162,
      8,
      163,
      114,
      37,
      65,
      83,
      64,
      50,
      67,
      134,
      6,
      142,
      55,
      174,
      77,
      16,
      82,
      158,
      108,
      136,
      3,
      113,
      150,
      36,
      47,
      118,
      148,
      120,
      88,
      44,
      149,
      139,
      52,
      102,
      25,
      34,
      40,
      50,
      108,
      98,
      159,
      120,
      55,
      162,
      57,
      112,
      56,
      66,
      59,
      57,
      57,
      166,
      22,
      131,
      154,
      63,
      160,
      78,
      143,
      51,
      173,
      19,
      152,
      3,
      73,
      130,
      133,
      125,
      66,
      72,
      61,
      57,
      78,
      30,
      30,
      175,
      151,
      96,
      32,
      151,
      128,
      149,
      147,
      57,
      143,
      120,
      55,
      162,
      57,
      112,
      56,
      66,
      59,
      57,
      57,
      166,
      22,
      131,
      154,
      63,
      60,
      78,
      143,
      51,
      173,
      19,
      152,
      3,
      73,
      130,
      133,
      125,
      66,
      62,
      61,
      57,
      78,
      30,
      30,
      175,
      151,
      96,
      32,
      151,
      128,
      149,
      147,
      57,
      143,
      149,
      168
    ],
    "objectives": [
      0.2135166691526052,
      -0.9243697478991596
    ],
    "quantity": 0.5426229508196722,
    "strategy": {
      "firstOperation": {
        "name": "All Operators",
        "successor": {
          "selection": {
            "selectionType": {
              "name": "LastToFirst"
            },
            "quantity": 4,
            "percentage": 0.0,
            "name": "Group Selection"
          },
          "executionType": {
            "name": "Conventional Execution"
          },
          "name": "Execute Operators",
          "successor": {
            "name": "Store Mutants"
          }
        }
      }
    }
  },
  {
    "variables": [
      72,
      152,
      139,
      47,
      6,
      71,
      60,
      83,
      69,
      43,
      149,
      50,
      33,
      125,
      47,
      48,
      83,
      22,
      94,
      163,
      103,
      17,
      48,
      83,
      59,
      68,
      119,
      167,
      0,
      178,
      52,
      141,
      111,
      40,
      49,
      33,
      143,
      27,
      4,
      54,
      167,
      86,
      64,
      154,
      135,
      33,
      125,
      17,
      48,
      83,
      22,
      94,
      163,
      103,
      174,
      178,
      33,
      27,
      17,
      48,
      83,
      59,
      68,
      68,
      13,
      141,
      175,
      21,
      161,
      138,
      74,
      134,
      68,
      55,
      106,
      61,
      163,
      66,
      170,
      9,
      160,
      23,
      63,
      38,
      41,
      34,
      45,
      22,
      94,
      163,
      103,
      174,
      178,
      33,
      125,
      52,
      32,
      151,
      128,
      149,
      151,
      57,
      149,
      123,
      91,
      55,
      23,
      63,
      38,
      41,
      34,
      54,
      79,
      70,
      12,
      34,
      100,
      149,
      50,
      95,
      21,
      43,
      130,
      164,
      11
    ],
    "objectives": [
      0.2005950498326919,
      -0.907563025210084
    ],
    "quantity": 0.46721311475409844,
    "strategy": {
      "firstOperation": {
        "name": "All Operators",
        "successor": {
          "selection": {
            "selectionType": {
              "name": "LastToFirst"
            },
            "quantity": 0,
            "percentage": 0.9,
            "sorter": {
              "reversed": true,
              "name": "Sort Operator Groups by Mutant Quantity in Group"
            },
            "name": "Group Selection"
          },
          "executionType": {
            "name": "Conventional Execution"
          },
          "name": "Execute Operators",
          "successor": {
            "name": "Store Mutants"
          }
        }
      }
    }
  },
  {
    "variables": [
      92,
      74,
      46,
      163,
      17,
      5,
      179,
      32,
      57,
      48,
      61,
      37,
      151,
      3,
      82,
      129,
      50,
      60,
      146,
      21,
      72,
      149,
      157,
      75,
      74,
      20,
      93,
      67,
      93,
      27,
      59,
      95,
      21,
      43,
      130,
      46,
      89,
      48,
      158,
      23,
      123,
      101,
      115,
      124,
      112,
      162,
      12,
      163,
      114,
      37,
      65,
      83,
      64,
      50,
      67,
      134,
      6,
      142,
      28,
      91,
      38,
      16,
      82,
      158,
      108,
      136,
      10,
      170,
      20,
      168,
      30,
      70,
      49,
      33,
      143,
      27,
      4,
      54,
      167,
      86,
      64,
      154,
      135,
      110,
      88,
      1,
      147,
      39,
      68,
      112,
      105,
      63,
      163,
      25,
      35,
      151,
      91,
      38,
      83,
      62,
      28,
      55,
      23,
      67,
      27,
      123,
      109,
      49,
      108,
      96,
      145,
      149,
      63,
      34
    ],
    "objectives": [
      0.1887390868417525,
      -0.8655462184873949
    ],
    "quantity": 0.45409836065573767,
    "strategy": {
      "firstOperation": {
        "name": "All Operators",
        "successor": {
          "selection": {
            "selectionType": {
              "name": "LastToFirst"
            },
            "quantity": 4,
            "percentage": 0.0,
            "name": "Group Selection"
          },
          "executionType": {
            "name": "Conventional Execution"
          },
          "name": "Execute Operators",
          "successor": {
            "name": "Store Mutants"
          }
        }
      }
    }
  },
  {
    "variables": [
      72,
      152,
      139,
      47,
      6,
      71,
      60,
      123,
      69,
      43,
      149,
      50,
      95,
      21,
      43
    ],
    "objectives": [
      0.16368731682387008,
      -0.7310924369747899
    ],
    "quantity": 0.3114754098360656,
    "strategy": {
      "firstOperation": {
        "name": "All Operators",
        "successor": {
          "selection": {
            "selectionType": {
              "name": "LastToFirst"
            },
            "quantity": 0,
            "percentage": 0.2,
            "sorter": {
              "reversed": true,
              "name": "Sort Operator Groups by Mutant Quantity in Group"
            },
            "name": "Group Selection"
          },
          "executionType": {
            "name": "Conventional Execution"
          },
          "name": "Execute Operators",
          "successor": {
            "selection": {
              "selectionType": {
                "name": "LastToFirst"
              },
              "quantity": 0,
              "percentage": 0.1,
              "name": "Group Selection"
            },
            "name": "Select Operators",
            "successor": {
              "name": "Store Mutants"
            }
          }
        }
      }
    }
  },
  {
    "variables": [
      72,
      152,
      139,
      47,
      6,
      71,
      60,
      83,
      69,
      43,
      149,
      50,
      95,
      21,
      43,
      130,
      46,
      25,
      151,
      149,
      22,
      23,
      130,
      46,
      52,
      32,
      151,
      128,
      149,
      151,
      57,
      57,
      149,
      123,
      91,
      55,
      23,
      63,
      38,
      41,
      34,
      54,
      79,
      60,
      12,
      34,
      100,
      89,
      129,
      52,
      19,
      20,
      167,
      119,
      167,
      179,
      22,
      128,
      163,
      86,
      143,
      119,
      40,
      120,
      67,
      27,
      123,
      51,
      66,
      143,
      27,
      4,
      129,
      52,
      19,
      72,
      167,
      178,
      167,
      0,
      178,
      52,
      60,
      83,
      178,
      43,
      149,
      50,
      95,
      54,
      79,
      60,
      12,
      34,
      100,
      89,
      129,
      52,
      19,
      20,
      167,
      119,
      167,
      165,
      22,
      128,
      163,
      86,
      143,
      119,
      40,
      120,
      67,
      27,
      123,
      51,
      66,
      143,
      27,
      4,
      129,
      52,
      19,
      72,
      167,
      178,
      167,
      0,
      178,
      52,
      60,
      83,
      178,
      43,
      149,
      27,
      95,
      112,
      43,
      130,
      164,
      11,
      83
    ],
    "objectives": [
      0.13745092842635082,
      -0.6436974789915967
    ],
    "quantity": 0.1180327868852459,
    "strategy": {
      "firstOperation": {
        "name": "All Operators",
        "successor": {
          "selection": {
            "selectionType": {
              "name": "LastToFirst"
            },
            "quantity": 0,
            "percentage": 0.3,
            "sorter": {
              "reversed": true,
              "name": "Sort Operator Groups by Mutant Quantity in Group"
            },
            "name": "Group Selection"
          },
          "executionType": {
            "name": "Conventional Execution"
          },
          "name": "Execute Operators",
          "successor": {
            "name": "Store Mutants"
          }
        }
      }
    }
  },
  {
    "variables": [
      72,
      152,
      139,
      47,
      6,
      71,
      60,
      83,
      69,
      43,
      149,
      50,
      95,
      21,
      99,
      130,
      46,
      25,
      151,
      149,
      22,
      94,
      163,
      103,
      174,
      12,
      34,
      100,
      78,
      129,
      52,
      19,
      72,
      167,
      51,
      167,
      0,
      178,
      103,
      141,
      132,
      40,
      49,
      155,
      160,
      71,
      148,
      13,
      123,
      91,
      5,
      100,
      85,
      66,
      110,
      132,
      125,
      19,
      147,
      135,
      72,
      167,
      178,
      167,
      0,
      178,
      52,
      141,
      132,
      43,
      67,
      53,
      22,
      66,
      89,
      48,
      158,
      23,
      123,
      101,
      115,
      124,
      112,
      162,
      8,
      163,
      114,
      37,
      65,
      83,
      64,
      50,
      100,
      89,
      129,
      52,
      19,
      20,
      167,
      119,
      167,
      165,
      22,
      128,
      163,
      86,
      143,
      119,
      40,
      120,
      67,
      27,
      123,
      51,
      66,
      143,
      27,
      4,
      129,
      52,
      27,
      59,
      46,
      35,
      151,
      57
    ],
    "objectives": [
      0.12595102394955243,
      -0.5058823529411764
    ],
    "quantity": 0.09344262295081968,
    "strategy": {
      "firstOperation": {
        "name": "All Operators",
        "successor": {
          "selection": {
            "selectionType": {
              "name": "LastToFirst"
            },
            "quantity": 0,
            "percentage": 0.3,
            "sorter": {
              "reversed": true,
              "name": "Sort Operator Groups by Mutant Quantity in Group"
            },
            "name": "Group Selection"
          },
          "executionType": {
            "name": "Conventional Execution"
          },
          "name": "Execute Operators",
          "successor": {
            "name": "New Branch",
            "successor": {
              "name": "Store Mutants"
            },
            "secondSuccessor": {
              "name": "Store Mutants"
            }
          }
        }
      }
    }
  },
  {
    "variables": [
      92,
      134,
      46,
      163,
      112,
      5,
      179,
      22,
      128,
      163,
      86,
      143,
      119,
      40,
      120,
      67,
      27,
      123,
      51,
      66,
      67,
      115,
      87,
      1,
      63,
      138,
      147,
      82,
      40,
      14,
      15,
      17,
      90,
      165,
      4,
      8,
      6,
      76,
      168,
      141,
      172,
      8,
      178,
      5,
      163,
      22,
      128,
      163,
      86,
      143,
      119,
      74,
      46,
      163,
      17,
      172,
      179,
      0,
      57,
      48,
      61,
      144,
      94,
      3,
      38,
      6,
      131,
      135,
      125,
      89,
      71,
      163,
      100,
      77,
      137,
      156,
      119,
      81,
      102,
      58,
      148,
      141,
      140,
      171,
      24,
      143,
      96,
      11,
      103,
      78,
      25,
      85,
      69,
      149,
      164,
      77,
      68,
      128,
      106,
      61,
      163,
      66,
      176,
      155,
      160,
      71,
      148,
      13,
      43,
      91,
      5,
      100,
      85,
      66,
      110,
      132,
      125,
      19,
      147,
      29,
      26,
      42,
      17,
      43,
      67,
      149,
      22,
      66,
      89,
      48,
      158,
      23,
      50,
      67,
      144,
      149,
      151,
      70,
      17,
      78,
      9,
      127
    ],
    "objectives": [
      0.11939294506252496,
      -0.47394957983193275
    ],
    "quantity": 0.08524590163934427,
    "strategy": {
      "firstOperation": {
        "name": "All Operators",
        "successor": {
          "selection": {
            "selectionType": {
              "name": "LastToFirst"
            },
            "quantity": 1,
            "percentage": 0.0,
            "name": "Group Selection"
          },
          "executionType": {
            "name": "Conventional Execution"
          },
          "name": "Execute Operators",
          "successor": {
            "name": "Store Mutants"
          }
        }
      }
    }
  },
  {
    "variables": [
      72,
      152,
      139,
      47,
      6,
      71,
      60,
      83,
      69,
      43,
      149,
      50,
      95,
      21,
      43,
      130,
      46,
      25,
      151,
      142,
      22,
      94,
      163,
      103,
      53,
      178,
      33,
      125,
      52,
      32,
      151,
      128,
      149,
      151,
      57,
      149,
      123,
      91,
      55,
      23,
      63,
      38,
      41,
      34,
      54,
      79,
      60,
      12,
      34,
      100,
      112,
      5,
      179,
      32,
      171,
      63,
      38,
      41,
      34,
      54,
      79,
      103,
      12,
      34,
      100,
      89,
      129,
      52,
      19,
      20,
      167,
      119,
      167,
      179,
      22,
      128,
      163,
      86,
      143,
      119,
      40,
      120,
      67,
      27,
      123,
      51,
      66,
      143,
      27,
      4,
      129,
      169,
      19,
      72,
      167,
      178,
      167,
      0,
      178,
      52,
      60,
      83,
      178,
      43,
      149,
      50,
      95,
      21,
      43,
      156,
      164,
      11
    ],
    "objectives": [
      0.10723008088962067,
      -0.41008403361344536
    ],
    "quantity": 0.06885245901639343,
    "strategy": {
      "firstOperation": {
        "name": "All Operators",
        "successor": {
          "selection": {
            "selectionType": {
              "name": "LastToFirst"
            },
            "quantity": 0,
            "percentage": 0.3,
            "sorter": {
              "reversed": true,
              "name": "Sort Operator Groups by Mutant Quantity in Group"
            },
            "name": "Group Selection"
          },
          "executionType": {
            "name": "Conventional Execution"
          },
          "name": "Execute Operators",
          "successor": {
            "name": "New Branch",
            "successor": {
              "name": "Store Mutants"
            },
            "secondSuccessor": {
              "name": "Store Mutants"
            }
          }
        }
      }
    }
  },
  {
    "variables": [
      92,
      134,
      46,
      163,
      112,
      5,
      179,
      22,
      128,
      163,
      86,
      143,
      119,
      40,
      120,
      67,
      27,
      135,
      46,
      163,
      17,
      77,
      137,
      77,
      119,
      81,
      149,
      50,
      95,
      21,
      43,
      130,
      46,
      25,
      151,
      149,
      22,
      23,
      67,
      27,
      123,
      109,
      49,
      108,
      96,
      145,
      149,
      63,
      34,
      69,
      43,
      149,
      50,
      95,
      21,
      43,
      130,
      178,
      33,
      154,
      52,
      32,
      151,
      128,
      149,
      151,
      57,
      149,
      4,
      91,
      55,
      23,
      63,
      38,
      41,
      34,
      54,
      79,
      60,
      12,
      34,
      100,
      89,
      129,
      52,
      19,
      20,
      167,
      119,
      167,
      0,
      178,
      52,
      141,
      111,
      40,
      49,
      33,
      143,
      27,
      4,
      54,
      138,
      125,
      64,
      154,
      135,
      33,
      125,
      17,
      48,
      83,
      22,
      94,
      163,
      103,
      93,
      67,
      90,
      27,
      59,
      46,
      35,
      151,
      57
    ],
    "objectives": [
      0.10095944643515145,
      -0.35126050420168065
    ],
    "quantity": 0.06229508196721312,
    "strategy": {
      "firstOperation": {
        "name": "All Operators",
        "successor": {
          "selection": {
            "selectionType": {
              "name": "LastToFirst"
            },
            "quantity": 1,
            "percentage": 0.0,
            "name": "Group Selection"
          },
          "executionType": {
            "name": "Conventional Execution"
          },
          "name": "Execute Operators",
          "successor": {
            "name": "Store Mutants"
          }
        }
      }
    }
  },
  {
    "variables": [
      72,
      152,
      139,
      47,
      6,
      71,
      60,
      83,
      69,
      43,
      149,
      50,
      95,
      21,
      43,
      130,
      46,
      25,
      151,
      149,
      22,
      94,
      27,
      103,
      174,
      178,
      33,
      125,
      52,
      32,
      151,
      128,
      149,
      151,
      57,
      149,
      123,
      91,
      55,
      23,
      63,
      38,
      41,
      61,
      54,
      79,
      60,
      12,
      34,
      100,
      89,
      129,
      52,
      19,
      20,
      6,
      119,
      167,
      0,
      33,
      143,
      27,
      4,
      54,
      167,
      86,
      24,
      143,
      96,
      11,
      163,
      25,
      61,
      57,
      78,
      30,
      30,
      175,
      151,
      96,
      32,
      151,
      128,
      149,
      103,
      57,
      149,
      123,
      91,
      55,
      96,
      145,
      140,
      46,
      115,
      17,
      22,
      179,
      32,
      57,
      48,
      61,
      17,
      151,
      3,
      171,
      33,
      143,
      27,
      4,
      54,
      167,
      56,
      64,
      154,
      58,
      64,
      8,
      178,
      163,
      65,
      117,
      108,
      71,
      60,
      83,
      69,
      43,
      149,
      50,
      95,
      21,
      43,
      130,
      46,
      25,
      151,
      149,
      22,
      23,
      130,
      46,
      52,
      32,
      151,
      128,
      149,
      151,
      57,
      149,
      123,
      91,
      55,
      23,
      63,
      21,
      41,
      34,
      54,
      79,
      70,
      12,
      34,
      100,
      149,
      50,
      95,
      21,
      43,
      130,
      164,
      11
    ],
    "objectives": [
      0.09099918793481161,
      -0.3042016806722689
    ],
    "quantity": 0.052459016393442616,
    "strategy": {
      "firstOperation": {
        "name": "All Operators",
        "successor": {
          "selection": {
            "selectionType": {
              "name": "LastToFirst"
            },
            "quantity": 0,
            "percentage": 0.3,
            "sorter": {
              "reversed": true,
              "name": "Sort Operator Groups by Mutant Quantity in Group"
            },
            "name": "Group Selection"
          },
          "executionType": {
            "name": "Conventional Execution"
          },
          "name": "Execute Operators",
          "successor": {
            "name": "New Branch",
            "successor": {
              "name": "Store Mutants"
            },
            "secondSuccessor": {
              "name": "Store Mutants"
            }
          }
        }
      }
    }
  },
  {
    "variables": [
      72,
      152,
      139,
      47,
      6,
      71,
      60,
      83,
      69,
      43,
      149,
      50,
      95,
      21,
      43,
      130,
      46,
      25,
      151,
      149,
      22,
      23,
      67,
      27,
      123,
      53,
      49,
      108,
      96,
      145,
      149,
      63,
      34,
      69,
      43,
      149,
      50,
      95,
      21,
      43,
      130,
      147,
      57,
      149,
      123,
      115,
      55,
      23,
      63,
      38,
      41,
      34,
      178,
      138,
      147,
      160,
      3,
      14,
      15,
      17,
      90,
      165,
      4,
      44,
      57,
      32,
      151,
      128,
      149,
      151,
      57,
      149,
      123,
      91,
      55,
      23,
      63,
      38,
      41,
      34,
      54,
      79,
      60,
      12,
      34,
      100,
      89,
      129,
      52,
      19,
      20,
      97,
      119,
      167,
      0,
      178,
      52,
      141,
      111,
      40,
      49,
      33,
      143,
      27,
      4,
      81,
      57,
      58,
      148,
      141,
      49
    ],
    "objectives": [
      0.08966707577870285,
      -0.22857142857142856
    ],
    "quantity": 0.039344262295081964,
    "strategy": {
      "firstOperation": {
        "name": "All Operators",
        "successor": {
          "selection": {
            "selectionType": {
              "name": "LastToFirst"
            },
            "quantity": 0,
            "percentage": 0.3,
            "sorter": {
              "reversed": true,
              "name": "Sort Operator Groups by Mutant Quantity in Group"
            },
            "name": "Group Selection"
          },
          "executionType": {
            "name": "Conventional Execution"
          },
          "name": "Execute Operators",
          "successor": {
            "name": "Store Mutants"
          }
        }
      }
    }
  },
  {
    "variables": [
      72,
      152,
      139,
      47,
      6,
      71,
      60,
      83,
      69,
      43,
      149,
      50,
      95,
      21,
      43,
      130,
      46,
      25,
      151,
      149,
      22,
      23,
      130,
      46,
      25,
      151,
      149,
      22,
      94,
      163,
      103,
      174,
      178,
      33,
      125,
      0,
      48,
      83,
      69,
      43,
      149,
      50,
      95,
      21,
      43,
      130,
      46,
      25,
      151,
      149,
      68,
      23,
      67,
      27,
      43,
      149,
      50,
      95,
      21,
      43,
      130,
      46,
      25,
      151,
      149,
      22,
      94,
      163,
      103,
      174,
      178,
      33,
      125,
      47,
      48,
      83,
      22,
      94,
      163,
      103,
      17,
      48,
      83,
      59,
      68,
      68,
      13,
      141,
      175,
      21,
      161,
      138,
      74,
      134,
      68,
      55,
      106,
      61,
      163,
      66,
      170,
      9,
      160,
      23,
      104,
      38,
      41,
      34,
      18,
      30,
      30,
      175,
      151,
      96,
      32,
      151,
      128,
      149,
      103,
      57,
      149,
      123,
      91,
      55,
      96,
      145,
      140,
      46,
      115,
      17,
      22,
      179,
      32,
      57,
      48,
      61,
      17,
      151,
      3,
      82,
      33,
      143,
      27,
      4,
      54,
      167,
      86,
      64,
      154,
      58,
      64,
      8,
      178,
      163,
      65,
      117,
      108,
      93,
      74,
      84,
      147,
      78,
      151,
      144,
      164,
      141,
      175,
      21,
      161,
      110,
      74,
      134,
      68,
      55,
      76,
      101,
      115,
      124,
      112,
      162,
      12,
      163,
      114,
      37,
      65,
      83,
      64,
      50,
      67,
      134,
      6,
      142,
      28,
      91,
      38,
      16,
      82,
      158,
      108,
      136,
      149,
      147,
      57,
      149,
      123,
      115,
      55,
      23,
      63,
      38,
      41,
      34,
      178,
      33,
      147,
      160,
      3,
      14,
      15,
      17,
      90,
      165,
      4,
      44,
      57,
      32,
      151,
      128,
      149,
      151,
      57,
      149,
      123,
      91,
      55,
      23,
      63,
      38,
      41,
      34,
      54,
      79,
      60,
      12,
      34,
      100,
      89,
      129,
      52,
      19,
      20,
      97,
      119,
      167,
      0,
      178,
      52,
      141,
      111,
      40,
      49,
      33,
      143,
      102,
      4,
      81,
      57,
      58,
      148,
      141,
      49
    ],
    "objectives": [
      0.06418447670110523,
      -0.13781512605042018
    ],
    "quantity": 0.02459016393442623,
    "strategy": {
      "firstOperation": {
        "name": "All Operators",
        "successor": {
          "selection": {
            "selectionType": {
              "name": "LastToFirst"
            },
            "quantity": 0,
            "percentage": 0.3,
            "sorter": {
              "reversed": true,
              "name": "Sort Operator Groups by Mutant Quantity in Group"
            },
            "name": "Group Selection"
          },
          "executionType": {
            "name": "Conventional Execution"
          },
          "name": "Execute Operators",
          "successor": {
            "name": "Store Mutants"
          }
        }
      }
    }
  },
  {
    "variables": [
      72,
      152,
      139,
      47,
      6,
      71,
      60,
      83,
      69,
      43,
      149,
      50,
      95,
      21,
      99,
      130,
      46,
      25,
      151,
      149,
      22,
      94,
      163,
      103,
      174,
      12,
      34,
      100,
      78,
      129,
      52,
      19,
      72,
      167,
      51,
      167,
      0,
      178,
      103,
      141,
      132,
      40,
      49,
      155,
      160,
      71,
      148,
      13,
      123,
      91,
      5,
      100,
      85,
      61,
      110,
      132,
      125,
      19,
      147,
      135,
      72,
      167,
      178,
      167,
      0,
      178,
      52,
      141,
      132,
      43,
      67,
      149,
      22,
      66,
      89,
      48,
      158,
      23,
      123,
      101,
      115,
      124,
      112,
      162,
      8,
      163,
      114,
      37,
      65,
      83,
      64,
      50,
      67,
      134,
      6,
      142,
      55,
      174,
      77,
      16,
      82,
      158,
      108,
      136,
      3,
      113,
      150,
      36,
      47,
      118,
      148,
      120,
      88,
      44,
      149,
      139,
      52,
      102,
      25,
      34,
      40,
      50,
      108,
      98,
      159,
      120,
      55,
      162,
      57,
      112,
      56,
      66,
      59,
      57,
      57,
      166,
      22,
      131,
      154,
      63,
      60,
      78,
      143,
      51,
      173,
      19,
      152,
      3,
      73,
      130,
      133,
      125,
      66,
      62,
      61,
      57,
      49,
      33,
      143,
      27,
      4,
      54,
      167,
      125,
      64,
      154,
      135,
      33,
      125,
      17,
      48,
      83,
      22,
      94,
      163,
      103,
      174,
      178,
      33,
      155,
      160,
      71,
      148,
      13,
      123,
      91,
      5,
      100,
      85,
      66,
      110,
      132,
      125,
      19,
      147,
      135,
      137,
      167,
      178,
      167,
      0,
      178,
      52,
      141,
      132,
      43,
      67,
      149,
      22,
      66,
      89,
      48,
      158,
      23,
      123,
      101,
      115,
      124,
      112,
      162,
      8,
      163,
      114,
      37,
      65,
      83,
      64,
      50,
      67,
      134,
      6,
      142,
      55,
      174,
      77,
      16,
      82,
      158,
      108,
      136,
      3,
      113,
      150,
      36,
      47,
      118,
      148,
      120,
      88,
      44,
      149,
      139,
      52,
      102,
      25,
      34,
      40,
      50,
      108,
      98,
      159,
      120,
      55,
      162,
      57,
      112,
      56,
      66,
      59,
      57,
      57,
      166,
      22,
      131,
      154,
      63,
      60,
      78,
      143,
      51,
      173,
      19,
      152,
      3,
      73,
      130,
      133,
      125,
      66,
      62,
      61,
      57,
      78,
      30,
      30,
      175,
      151,
      96,
      32,
      151,
      128,
      149,
      147,
      57,
      143,
      149,
      168
    ],
    "objectives": [
      0.05628227038921231,
      -0.12268907563025211
    ],
    "quantity": 0.022950819672131147,
    "strategy": {
      "firstOperation": {
        "name": "All Operators",
        "successor": {
          "selection": {
            "selectionType": {
              "name": "LastToFirst"
            },
            "quantity": 0,
            "percentage": 0.3,
            "sorter": {
              "reversed": true,
              "name": "Sort Operator Groups by Mutant Quantity in Group"
            },
            "name": "Group Selection"
          },
          "executionType": {
            "name": "Conventional Execution"
          },
          "name": "Execute Operators",
          "successor": {
            "name": "New Branch",
            "successor": {
              "name": "Store Mutants"
            },
            "secondSuccessor": {
              "name": "Store Mutants"
            }
          }
        }
      }
    }
  },
  {
    "variables": [
      8,
      55,
      178,
      123,
      124,
      67,
      115,
      55,
      1,
      63,
      138,
      147,
      82,
      40,
      14,
      15,
      17,
      90,
      165,
      4,
      161,
      57,
      20,
      168,
      30,
      70,
      44,
      125,
      87,
      160,
      29,
      18,
      79,
      55,
      20,
      128,
      88,
      171,
      34,
      100,
      89,
      9,
      52,
      19,
      72,
      167,
      178,
      167,
      0,
      103,
      174,
      178,
      110,
      88,
      1,
      147,
      39,
      68,
      112,
      105,
      63,
      163,
      25,
      11,
      103,
      78,
      25,
      85,
      69,
      93,
      96,
      32,
      151,
      128,
      4,
      159,
      108,
      96,
      145,
      154,
      74,
      20
    ],
    "objectives": [
      0.05266279228094123,
      -0.0907563025210084
    ],
    "quantity": 0.014754098360655738,
    "strategy": {
      "firstOperation": {
        "name": "All Operators",
        "successor": {
          "selection": {
            "selectionType": {
              "name": "Random"
            },
            "quantity": 6,
            "percentage": 0.0,
            "name": "Group Selection"
          },
          "name": "Discard Operators",
          "successor": {
            "selection": {
              "selectionType": {
                "name": "Sequential"
              },
              "quantity": 0,
              "percentage": 0.6,
              "sorter": {
                "reversed": false,
                "name": "Sort Operators by Type"
              },
              "name": "Selection"
            },
            "executionType": {
              "name": "Conventional Execution"
            },
            "name": "Execute Operators",
            "successor": {
              "name": "Store Mutants"
            }
          }
        }
      }
    }
  }
]}