{
    "session":"GE",
    "result": [
  {
    "variables": [
      28,
      104,
      23,
      52,
      23,
      166,
      115,
      33,
      178,
      55,
      120,
      1,
      2,
      147,
      145
    ],
    "objectives": [
      0.41759305465821567,
      -1.0
    ],
    "quantity": 0.8770491803278688,
    "strategy": {
      "firstOperation": {
        "name": "All Operators",
        "successor": {
          "selection": {
            "selectionType": {
              "name": "LastToFirst"
            },
            "quantity": 0,
            "percentage": 0.9,
            "sorter": {
              "reversed": true,
              "name": "Sort Operators by Mutant Quantity"
            },
            "name": "Selection"
          },
          "executionType": {
            "name": "Conventional Execution"
          },
          "name": "Execute Operators",
          "successor": {
            "name": "Store Mutants"
          }
        }
      }
    }
  },
  {
    "variables": [
      132,
      9,
      72,
      99,
      96,
      39,
      151,
      0,
      21,
      167,
      66,
      148,
      150,
      92,
      136,
      74,
      49,
      56,
      125,
      171,
      85,
      169,
      46,
      8,
      17,
      10,
      87,
      110,
      98,
      134,
      95,
      2,
      77,
      24,
      20,
      159,
      86,
      85,
      91,
      123,
      4,
      59,
      84,
      131,
      73,
      24,
      35,
      131,
      152,
      149,
      155,
      88,
      82,
      67,
      179,
      4,
      80,
      82,
      68,
      53,
      163,
      68,
      141,
      129,
      104,
      23,
      52,
      4,
      139,
      111,
      143,
      150,
      6,
      29,
      163,
      111,
      143,
      150,
      143,
      167,
      95,
      132,
      130,
      141,
      51,
      25,
      104,
      23,
      52,
      23,
      166,
      115,
      33,
      178,
      10,
      120,
      1,
      2,
      147,
      145
    ],
    "objectives": [
      0.37698702784215643,
      -0.9915966386554622
    ],
    "quantity": 0.7377049180327869,
    "strategy": {
      "firstOperation": {
        "name": "All Operators",
        "successor": {
          "selection": {
            "selectionType": {
              "name": "Sequential"
            },
            "quantity": 7,
            "percentage": 0.0,
            "name": "Group Selection"
          },
          "name": "Select Operators",
          "successor": {
            "selection": {
              "selectionType": {
                "name": "LastToFirst"
              },
              "quantity": 6,
              "percentage": 0.0,
              "sorter": {
                "reversed": false,
                "name": "Sort Operator Groups by Mutant Quantity in Group"
              },
              "name": "Group Selection"
            },
            "executionType": {
              "name": "Conventional Execution"
            },
            "name": "Execute Operators",
            "successor": {
              "name": "Store Mutants"
            }
          }
        }
      }
    }
  },
  {
    "variables": [
      28,
      104,
      23,
      52,
      4,
      163,
      27,
      143,
      150,
      143,
      35,
      95,
      132,
      130,
      141
    ],
    "objectives": [
      0.371713056860144,
      -0.9680672268907564
    ],
    "quantity": 0.6377049180327868,
    "strategy": {
      "firstOperation": {
        "name": "All Operators",
        "successor": {
          "selection": {
            "selectionType": {
              "name": "Random"
            },
            "quantity": 0,
            "percentage": 0.8,
            "name": "Selection"
          },
          "executionType": {
            "name": "Conventional Execution"
          },
          "name": "Execute Operators",
          "successor": {
            "name": "Store Mutants"
          }
        }
      }
    }
  },
  {
    "variables": [
      28,
      104,
      23,
      52,
      4,
      163,
      27,
      143,
      150,
      164,
      138,
      64,
      134,
      107,
      2,
      4,
      136,
      13,
      27,
      103,
      104,
      104,
      142,
      112,
      39,
      150,
      49,
      104,
      29,
      68,
      116,
      51,
      90,
      16,
      86,
      85,
      91,
      123,
      4,
      59,
      84,
      131,
      9,
      24,
      78,
      131,
      152,
      149,
      41,
      88,
      82,
      67,
      179,
      4,
      80,
      82,
      154,
      26,
      23,
      16,
      156,
      128,
      175,
      130,
      101,
      76,
      170,
      124,
      19,
      174,
      148,
      17,
      23,
      68,
      104,
      144,
      14,
      120,
      111,
      7,
      49,
      117,
      133,
      81,
      177,
      0,
      171,
      48,
      152,
      140,
      31,
      139,
      132,
      128,
      75,
      24,
      162,
      72,
      110,
      7
    ],
    "objectives": [
      0.3652900418144214,
      -0.9563025210084033
    ],
    "quantity": 0.5852459016393443,
    "strategy": {
      "firstOperation": {
        "name": "All Operators",
        "successor": {
          "selection": {
            "selectionType": {
              "name": "Random"
            },
            "quantity": 0,
            "percentage": 0.8,
            "name": "Selection"
          },
          "executionType": {
            "name": "Conventional Execution"
          },
          "name": "Execute Operators",
          "successor": {
            "name": "Store Mutants"
          }
        }
      }
    }
  },
  {
    "variables": [
      121,
      22,
      140,
      124,
      39,
      94,
      124,
      36,
      73,
      5,
      179,
      68,
      109,
      176,
      100,
      88,
      154,
      57,
      158,
      18,
      99,
      18,
      151,
      128,
      179,
      51,
      145,
      53,
      163,
      20,
      103,
      96,
      65,
      119,
      145,
      12,
      58,
      36,
      13,
      45,
      6,
      38,
      28,
      130,
      66,
      52,
      80,
      68,
      171,
      29,
      41,
      19,
      94,
      115,
      92,
      52,
      52,
      143,
      112,
      39,
      150,
      152,
      149,
      155,
      88,
      82,
      67,
      179,
      4,
      80,
      82,
      154,
      26,
      23,
      16,
      91,
      128,
      175,
      130,
      101,
      76,
      170,
      124,
      167,
      174,
      148,
      17,
      23,
      68,
      54,
      144,
      160,
      144,
      94,
      178,
      55,
      120,
      1,
      2,
      147,
      104,
      23,
      52,
      142,
      159,
      170,
      79,
      9,
      6,
      150,
      170,
      6,
      92,
      106,
      37,
      104,
      142,
      112,
      6,
      29,
      164,
      138,
      153,
      134,
      107,
      37,
      4,
      136,
      40,
      27,
      103,
      104,
      104,
      142,
      112,
      39,
      150,
      170,
      6,
      82,
      56,
      89,
      104,
      174,
      65,
      36,
      52,
      148,
      168,
      94,
      34,
      1,
      66,
      52,
      142,
      159,
      150,
      143,
      33,
      170,
      173,
      21,
      43,
      109,
      150,
      170,
      6,
      92,
      81,
      37,
      104,
      142,
      112,
      39,
      150,
      170,
      6,
      29,
      164,
      138,
      153,
      134
    ],
    "objectives": [
      0.33173340177507726,
      -0.9495798319327731
    ],
    "quantity": 0.5655737704918032,
    "strategy": {
      "firstOperation": {
        "name": "All Operators",
        "successor": {
          "selection": {
            "selectionType": {
              "name": "Sequential"
            },
            "quantity": 4,
            "percentage": 0.0,
            "sorter": {
              "reversed": false,
              "name": "Sort Mutants by Operator Type"
            },
            "name": "Selection"
          },
          "name": "Select Mutants",
          "successor": {
            "selection": {
              "selectionType": {
                "name": "Random"
              },
              "quantity": 2,
              "percentage": 0.0,
              "sorter": {
                "reversed": false,
                "name": "Sort Groups by Quantity in Group"
              },
              "name": "Group Selection"
            },
            "name": "Discard Mutants",
            "successor": {
              "selection": {
                "selectionType": {
                  "name": "Random"
                },
                "quantity": 0,
                "percentage": 0.9,
                "sorter": {
                  "reversed": false,
                  "name": "Sort Operator Groups by Mutant Quantity in Group"
                },
                "name": "Group Selection"
              },
              "executionType": {
                "name": "Conventional Execution"
              },
              "name": "Execute Operators",
              "successor": {
                "name": "Store Mutants"
              }
            }
          }
        }
      }
    }
  },
  {
    "variables": [
      58,
      59,
      78,
      83,
      49,
      104,
      29,
      68,
      116,
      51,
      90,
      16,
      86,
      85,
      91,
      123,
      4,
      59,
      84,
      131,
      73,
      24,
      78,
      131,
      152,
      149,
      155,
      88,
      82,
      67,
      179,
      4,
      80,
      82,
      154,
      26,
      23,
      16,
      91,
      128,
      175,
      130,
      101,
      76,
      170,
      124,
      167,
      174,
      148,
      17,
      23,
      68,
      104,
      144,
      160,
      144,
      94,
      178,
      55,
      120,
      1,
      2,
      147,
      104,
      23,
      52,
      142,
      159,
      170,
      79,
      9,
      6,
      150,
      170,
      6,
      92,
      81,
      37,
      104,
      142,
      112,
      39,
      150,
      170,
      6,
      29,
      164,
      138,
      153,
      134,
      107,
      79,
      4,
      136,
      40,
      27,
      103,
      104,
      104,
      142,
      112,
      39,
      150,
      168,
      94,
      34,
      76,
      86,
      1,
      51,
      26,
      5,
      136,
      4,
      29,
      49,
      81,
      131,
      30,
      149,
      155,
      88,
      82,
      67,
      179,
      130,
      80,
      82,
      154,
      26,
      23,
      16,
      91,
      128,
      175,
      130,
      101,
      76,
      170,
      150,
      170,
      6,
      165,
      164
    ],
    "objectives": [
      0.3196448293845854,
      -0.9411764705882353
    ],
    "quantity": 0.46721311475409844,
    "strategy": {
      "firstOperation": {
        "name": "All Operators",
        "successor": {
          "name": "New Branch",
          "successor": {
            "name": "Store Mutants"
          },
          "secondSuccessor": {
            "name": "New Branch",
            "successor": {
              "name": "Store Mutants"
            },
            "secondSuccessor": {
              "selection": {
                "selectionType": {
                  "name": "LastToFirst"
                },
                "quantity": 0,
                "percentage": 0.1,
                "name": "Selection"
              },
              "name": "Select Mutants",
              "successor": {
                "selection": {
                  "selectionType": {
                    "name": "Random"
                  },
                  "quantity": 0,
                  "percentage": 0.9,
                  "name": "Group Selection"
                },
                "executionType": {
                  "name": "Conventional Execution"
                },
                "name": "Execute Operators",
                "successor": {
                  "name": "Store Mutants"
                }
              }
            }
          }
        }
      }
    }
  },
  {
    "variables": [
      58,
      59,
      78,
      83,
      49,
      104,
      29,
      68,
      116,
      51,
      90,
      16,
      86,
      85,
      91,
      123,
      4,
      59,
      84,
      131,
      73,
      24,
      78,
      131,
      152,
      149,
      155,
      88,
      82,
      67,
      179,
      4,
      80,
      82,
      154,
      26,
      23,
      16,
      91,
      128,
      175,
      130,
      101,
      76,
      170,
      124,
      167,
      174,
      148,
      17,
      23,
      68,
      104,
      144,
      160,
      144,
      94,
      51,
      90,
      16,
      86,
      66,
      91,
      123,
      162,
      59,
      84,
      131,
      73,
      24,
      78,
      131,
      152,
      149,
      155,
      88,
      82,
      67,
      179,
      4,
      80,
      82,
      154,
      26,
      23,
      41,
      91,
      128,
      175,
      130,
      101,
      76,
      170,
      124,
      167,
      174,
      148,
      17,
      23,
      68,
      104,
      144,
      160,
      144,
      28,
      4,
      163,
      111,
      143,
      150,
      143,
      35,
      95,
      132,
      130,
      141,
      153,
      170,
      138,
      124,
      109,
      76,
      0,
      1,
      51,
      26,
      5,
      136,
      4,
      29,
      56,
      81,
      164,
      97,
      65,
      31,
      139
    ],
    "objectives": [
      0.3122558575824922,
      -0.9294117647058823
    ],
    "quantity": 0.42950819672131146,
    "strategy": {
      "firstOperation": {
        "name": "All Operators",
        "successor": {
          "name": "New Branch",
          "successor": {
            "name": "Store Mutants"
          },
          "secondSuccessor": {
            "name": "New Branch",
            "successor": {
              "name": "Store Mutants"
            },
            "secondSuccessor": {
              "selection": {
                "selectionType": {
                  "name": "LastToFirst"
                },
                "quantity": 0,
                "percentage": 0.1,
                "name": "Selection"
              },
              "name": "Select Mutants",
              "successor": {
                "selection": {
                  "selectionType": {
                    "name": "Random"
                  },
                  "quantity": 0,
                  "percentage": 0.9,
                  "name": "Group Selection"
                },
                "executionType": {
                  "name": "Conventional Execution"
                },
                "name": "Execute Operators",
                "successor": {
                  "name": "Store Mutants"
                }
              }
            }
          }
        }
      }
    }
  },
  {
    "variables": [
      58,
      103,
      78,
      83,
      49,
      104,
      29,
      68,
      116,
      51,
      90,
      16,
      86,
      85,
      91,
      123,
      4,
      59,
      84,
      131,
      73,
      24,
      78,
      131,
      152,
      149,
      155,
      88,
      82,
      67,
      179,
      4,
      80,
      82,
      154,
      26,
      23,
      16,
      91,
      128,
      175,
      130,
      101,
      76,
      170,
      124,
      167,
      174,
      148,
      17,
      23,
      68,
      104,
      144,
      160,
      144,
      144,
      164,
      59,
      45,
      166,
      43,
      63,
      103,
      38,
      57,
      73,
      126,
      67,
      21,
      63,
      73,
      24,
      78,
      131,
      152,
      149,
      155,
      43,
      45,
      6,
      38,
      28,
      130,
      66,
      52,
      80,
      68,
      171,
      29,
      41,
      104,
      23,
      52,
      4,
      163,
      90,
      143,
      45,
      143,
      35,
      95,
      50,
      130,
      141
    ],
    "objectives": [
      0.30648349049226464,
      -0.919327731092437
    ],
    "quantity": 0.4163934426229508,
    "strategy": {
      "firstOperation": {
        "name": "All Operators",
        "successor": {
          "name": "New Branch",
          "successor": {
            "name": "Store Mutants"
          },
          "secondSuccessor": {
            "name": "New Branch",
            "successor": {
              "name": "Store Mutants"
            },
            "secondSuccessor": {
              "selection": {
                "selectionType": {
                  "name": "LastToFirst"
                },
                "quantity": 0,
                "percentage": 0.1,
                "name": "Selection"
              },
              "name": "Select Mutants",
              "successor": {
                "selection": {
                  "selectionType": {
                    "name": "Random"
                  },
                  "quantity": 0,
                  "percentage": 0.9,
                  "name": "Group Selection"
                },
                "executionType": {
                  "name": "Conventional Execution"
                },
                "name": "Execute Operators",
                "successor": {
                  "name": "Store Mutants"
                }
              }
            }
          }
        }
      }
    }
  },
  {
    "variables": [
      58,
      59,
      78,
      83,
      49,
      104,
      29,
      68,
      116,
      51,
      90,
      16,
      86,
      85,
      91,
      123,
      4,
      59,
      84,
      131,
      73,
      24,
      78,
      131,
      152,
      149,
      155,
      88,
      82,
      67,
      179,
      4,
      80,
      82,
      154,
      26,
      23,
      16,
      91,
      128,
      175,
      130,
      101,
      76,
      170,
      124,
      167,
      174,
      148,
      17,
      23,
      68,
      104,
      144,
      160,
      144,
      94,
      178,
      55,
      120,
      1,
      2,
      147,
      104,
      23,
      52,
      142,
      159,
      170,
      79,
      9,
      6,
      150,
      134,
      6,
      92,
      81,
      37,
      104,
      142,
      112,
      39,
      150,
      170,
      6,
      29,
      164,
      138,
      153,
      134,
      107,
      79,
      4,
      136,
      40,
      27,
      103,
      104,
      104,
      51,
      79,
      132
    ],
    "objectives": [
      0.284738573732314,
      -0.8857142857142858
    ],
    "quantity": 0.3868852459016393,
    "strategy": {
      "firstOperation": {
        "name": "All Operators",
        "successor": {
          "name": "New Branch",
          "successor": {
            "name": "Store Mutants"
          },
          "secondSuccessor": {
            "name": "New Branch",
            "successor": {
              "name": "Store Mutants"
            },
            "secondSuccessor": {
              "selection": {
                "selectionType": {
                  "name": "LastToFirst"
                },
                "quantity": 0,
                "percentage": 0.1,
                "name": "Selection"
              },
              "name": "Select Mutants",
              "successor": {
                "selection": {
                  "selectionType": {
                    "name": "Random"
                  },
                  "quantity": 0,
                  "percentage": 0.9,
                  "name": "Group Selection"
                },
                "executionType": {
                  "name": "Conventional Execution"
                },
                "name": "Execute Operators",
                "successor": {
                  "name": "Store Mutants"
                }
              }
            }
          }
        }
      }
    }
  },
  {
    "variables": [
      28,
      104,
      23,
      52,
      142,
      159,
      152,
      119,
      130,
      33,
      141,
      6,
      32,
      11,
      84,
      159,
      117,
      101,
      126,
      151,
      52,
      52,
      143,
      62,
      17,
      64,
      140,
      42,
      57,
      73,
      126,
      91,
      21,
      173,
      97,
      167,
      17,
      31,
      147,
      83,
      161,
      117,
      4,
      143,
      134,
      40,
      168,
      6,
      26,
      30,
      8,
      156,
      95,
      8,
      135,
      87,
      9,
      80,
      68,
      171,
      29,
      41,
      68,
      84,
      20,
      23,
      1,
      2,
      147,
      145,
      171,
      58,
      89,
      76,
      140,
      33,
      178,
      55,
      120
    ],
    "objectives": [
      0.2805350911520391,
      -0.8319327731092437
    ],
    "quantity": 0.22786885245901636,
    "strategy": {
      "firstOperation": {
        "name": "All Operators",
        "successor": {
          "selection": {
            "selectionType": {
              "name": "Random"
            },
            "quantity": 0,
            "percentage": 0.3,
            "name": "Selection"
          },
          "executionType": {
            "name": "Conventional Execution"
          },
          "name": "Execute Operators",
          "successor": {
            "name": "Store Mutants"
          }
        }
      }
    }
  },
  {
    "variables": [
      132,
      9,
      72,
      99,
      96,
      39,
      151,
      0,
      21,
      167,
      66,
      148,
      150,
      92,
      136,
      74,
      49,
      56,
      125,
      171,
      85,
      169,
      46,
      8,
      17,
      10,
      87,
      110,
      98,
      134,
      95,
      2,
      77,
      24,
      104,
      23,
      52,
      142,
      159,
      170,
      79,
      9,
      6,
      150,
      170,
      6,
      29,
      164
    ],
    "objectives": [
      0.26319353028037595,
      -0.8151260504201681
    ],
    "quantity": 0.2459016393442623,
    "strategy": {
      "firstOperation": {
        "name": "All Operators",
        "successor": {
          "selection": {
            "selectionType": {
              "name": "Sequential"
            },
            "quantity": 7,
            "percentage": 0.0,
            "name": "Group Selection"
          },
          "name": "Select Operators",
          "successor": {
            "selection": {
              "selectionType": {
                "name": "LastToFirst"
              },
              "quantity": 3,
              "percentage": 0.0,
              "sorter": {
                "reversed": false,
                "name": "Sort Operator Groups by Mutant Quantity in Group"
              },
              "name": "Group Selection"
            },
            "executionType": {
              "name": "Conventional Execution"
            },
            "name": "Execute Operators",
            "successor": {
              "name": "Store Mutants"
            }
          }
        }
      }
    }
  },
  {
    "variables": [
      28,
      104,
      23,
      52,
      4,
      163,
      111,
      143,
      150,
      104,
      142,
      112,
      39,
      114,
      23
    ],
    "objectives": [
      0.2628079530237423,
      -0.7983193277310925
    ],
    "quantity": 0.2442622950819672,
    "strategy": {
      "firstOperation": {
        "name": "All Operators",
        "successor": {
          "selection": {
            "selectionType": {
              "name": "Random"
            },
            "quantity": 0,
            "percentage": 0.2,
            "name": "Selection"
          },
          "executionType": {
            "name": "Conventional Execution"
          },
          "name": "Execute Operators",
          "successor": {
            "name": "Store Mutants"
          }
        }
      }
    }
  },
  {
    "variables": [
      28,
      104,
      23,
      52,
      169,
      139,
      111,
      143,
      150,
      6,
      29,
      163,
      111,
      143,
      150,
      73,
      24,
      78,
      131,
      152,
      149,
      155,
      88,
      82,
      67,
      179,
      4,
      80,
      82,
      154,
      26,
      23,
      16,
      91,
      128,
      175,
      130,
      101,
      76,
      170,
      124,
      167,
      174,
      148,
      17,
      23,
      68,
      104,
      144,
      160,
      144,
      94,
      178,
      55,
      120,
      1,
      2,
      147,
      104,
      23,
      52,
      142,
      159,
      170,
      79,
      9,
      6,
      150,
      170,
      6,
      92,
      81,
      37,
      104,
      142,
      112,
      39,
      150,
      170,
      6,
      29,
      164,
      138,
      153,
      134,
      107,
      79,
      4,
      136,
      40,
      0,
      103,
      104,
      104,
      142,
      112,
      39,
      150,
      168,
      94,
      34,
      76,
      86,
      1,
      51,
      26,
      5,
      136,
      4,
      29,
      49,
      81,
      131,
      30,
      149,
      155,
      88,
      82,
      67,
      179,
      130,
      23,
      52,
      4,
      163,
      27,
      143,
      150,
      143,
      35,
      95,
      132,
      130,
      141
    ],
    "objectives": [
      0.26117622680538816,
      -0.7529411764705882
    ],
    "quantity": 0.20163934426229507,
    "strategy": {
      "firstOperation": {
        "name": "All Operators",
        "successor": {
          "selection": {
            "selectionType": {
              "name": "Random"
            },
            "quantity": 0,
            "percentage": 0.2,
            "name": "Selection"
          },
          "executionType": {
            "name": "Conventional Execution"
          },
          "name": "Execute Operators",
          "successor": {
            "name": "Store Mutants"
          }
        }
      }
    }
  },
  {
    "variables": [
      28,
      104,
      23,
      52,
      4,
      163,
      111,
      143,
      150,
      104,
      142,
      112,
      39,
      114,
      23,
      78,
      151,
      12,
      41,
      9,
      151,
      129,
      89,
      132,
      26,
      87,
      110,
      98,
      134,
      95,
      2,
      77,
      24,
      20,
      159,
      86,
      85,
      91,
      123,
      4,
      59,
      84,
      131,
      73,
      24,
      35,
      131,
      152,
      149,
      155,
      88,
      82,
      67,
      179,
      4,
      80,
      82,
      68,
      53,
      163,
      68,
      141,
      96,
      65,
      119,
      145,
      12,
      58,
      36,
      13,
      45,
      6,
      38,
      50,
      130,
      66,
      52,
      80,
      68,
      171,
      29,
      2,
      77,
      24,
      20,
      159,
      92,
      136,
      163,
      120,
      121,
      85,
      23,
      52,
      142,
      159,
      152,
      35,
      178,
      85,
      0,
      177,
      0,
      171,
      13,
      48,
      84,
      118,
      176,
      25,
      5,
      149,
      163,
      111,
      143,
      150,
      143,
      104,
      23,
      4,
      70,
      139
    ],
    "objectives": [
      0.257647485028633,
      -0.7495798319327731
    ],
    "quantity": 0.19344262295081965,
    "strategy": {
      "firstOperation": {
        "name": "All Operators",
        "successor": {
          "selection": {
            "selectionType": {
              "name": "Random"
            },
            "quantity": 0,
            "percentage": 0.2,
            "name": "Selection"
          },
          "executionType": {
            "name": "Conventional Execution"
          },
          "name": "Execute Operators",
          "successor": {
            "name": "Store Mutants"
          }
        }
      }
    }
  },
  {
    "variables": [
      28,
      104,
      23,
      52,
      4,
      163,
      111,
      143,
      150,
      104,
      142,
      112,
      39,
      114,
      23,
      159,
      170,
      79,
      110
    ],
    "objectives": [
      0.25662242462283424,
      -0.7445378151260504
    ],
    "quantity": 0.21475409836065573,
    "strategy": {
      "firstOperation": {
        "name": "All Operators",
        "successor": {
          "selection": {
            "selectionType": {
              "name": "Random"
            },
            "quantity": 0,
            "percentage": 0.2,
            "name": "Selection"
          },
          "executionType": {
            "name": "Conventional Execution"
          },
          "name": "Execute Operators",
          "successor": {
            "name": "Store Mutants"
          }
        }
      }
    }
  },
  {
    "variables": [
      28,
      104,
      23,
      52,
      4,
      163,
      111,
      143,
      150,
      6,
      29,
      102,
      24,
      73,
      87,
      145,
      44,
      165,
      89,
      144,
      5,
      174,
      81,
      37,
      104,
      142,
      112,
      39,
      114,
      23,
      78,
      151,
      12,
      41,
      9,
      151,
      129,
      89,
      132,
      26,
      169,
      47,
      127,
      32,
      35,
      174,
      19,
      94,
      115,
      92,
      81,
      37,
      104,
      142,
      112,
      39
    ],
    "objectives": [
      0.2549440290908445,
      -0.7361344537815127
    ],
    "quantity": 0.19508196721311477,
    "strategy": {
      "firstOperation": {
        "name": "All Operators",
        "successor": {
          "selection": {
            "selectionType": {
              "name": "Random"
            },
            "quantity": 0,
            "percentage": 0.2,
            "name": "Selection"
          },
          "executionType": {
            "name": "Conventional Execution"
          },
          "name": "Execute Operators",
          "successor": {
            "name": "Store Mutants"
          }
        }
      }
    }
  },
  {
    "variables": [
      28,
      104,
      23,
      52,
      4,
      163,
      111,
      143,
      150,
      143,
      35,
      95,
      132,
      130,
      141,
      153,
      109,
      176,
      72,
      88,
      154,
      57,
      158,
      90,
      170,
      79,
      9,
      35,
      178,
      85,
      0,
      177,
      145,
      44,
      158,
      159,
      168,
      123,
      56,
      97,
      110,
      102,
      33,
      170,
      172,
      21,
      43,
      109,
      77,
      24,
      85,
      133,
      9,
      173,
      6,
      150,
      170,
      6,
      165,
      164
    ],
    "objectives": [
      0.23721226423295047,
      -0.7210084033613445
    ],
    "quantity": 0.19672131147540986,
    "strategy": {
      "firstOperation": {
        "name": "All Operators",
        "successor": {
          "selection": {
            "selectionType": {
              "name": "Random"
            },
            "quantity": 0,
            "percentage": 0.2,
            "name": "Selection"
          },
          "executionType": {
            "name": "Conventional Execution"
          },
          "name": "Execute Operators",
          "successor": {
            "name": "Store Mutants"
          }
        }
      }
    }
  },
  {
    "variables": [
      28,
      104,
      23,
      52,
      4,
      163,
      111,
      143,
      150,
      6,
      140,
      163,
      111,
      37,
      4,
      136,
      40,
      27,
      103,
      104,
      104,
      142,
      112,
      39,
      150,
      170,
      6,
      82,
      56,
      89,
      104,
      174,
      65,
      36,
      52,
      148,
      168,
      94,
      34,
      1,
      66,
      52,
      142,
      159,
      150,
      143
    ],
    "objectives": [
      0.2326918647811474,
      -0.6369747899159665
    ],
    "quantity": 0.1901639344262295,
    "strategy": {
      "firstOperation": {
        "name": "All Operators",
        "successor": {
          "selection": {
            "selectionType": {
              "name": "Random"
            },
            "quantity": 0,
            "percentage": 0.2,
            "name": "Selection"
          },
          "executionType": {
            "name": "Conventional Execution"
          },
          "name": "Execute Operators",
          "successor": {
            "name": "Store Mutants"
          }
        }
      }
    }
  },
  {
    "variables": [
      28,
      104,
      23,
      52,
      4,
      163,
      111,
      143,
      150,
      6,
      29,
      163,
      111,
      143,
      150,
      143,
      35,
      95,
      132,
      130,
      141,
      51,
      25,
      134,
      119,
      28,
      4,
      71,
      111,
      143,
      150,
      143,
      35,
      95,
      121,
      130,
      141,
      153,
      170,
      138,
      124,
      45,
      6,
      38,
      28,
      130,
      66,
      52,
      80,
      68,
      171,
      29,
      41,
      19,
      94,
      115,
      92,
      52,
      52,
      143,
      62,
      169,
      64,
      140,
      42,
      148,
      73,
      100,
      128,
      25,
      140,
      119,
      20,
      17,
      116
    ],
    "objectives": [
      0.22829004643409806,
      -0.6201680672268908
    ],
    "quantity": 0.19672131147540983,
    "strategy": {
      "firstOperation": {
        "name": "All Operators",
        "successor": {
          "selection": {
            "selectionType": {
              "name": "Random"
            },
            "quantity": 0,
            "percentage": 0.2,
            "name": "Selection"
          },
          "executionType": {
            "name": "Conventional Execution"
          },
          "name": "Execute Operators",
          "successor": {
            "name": "Store Mutants"
          }
        }
      }
    }
  },
  {
    "variables": [
      28,
      104,
      23,
      52,
      4,
      163,
      111,
      143,
      150,
      104,
      142,
      112,
      39,
      114,
      23,
      78,
      151,
      12,
      41,
      9,
      151,
      129,
      89,
      132,
      26,
      169,
      47,
      127,
      64,
      140,
      42,
      57,
      73,
      126,
      91,
      21,
      173,
      97,
      167,
      17,
      31,
      147,
      83,
      161,
      117,
      4,
      143,
      134,
      40,
      168,
      6,
      26,
      30,
      8,
      156,
      95,
      8,
      135,
      87,
      9,
      80,
      68,
      171,
      29,
      41,
      68,
      84,
      20,
      23,
      1,
      2,
      132,
      145,
      171,
      58,
      89,
      76,
      140,
      33,
      178,
      55,
      120
    ],
    "objectives": [
      0.22345530443439943,
      -0.6168067226890755
    ],
    "quantity": 0.18524590163934423,
    "strategy": {
      "firstOperation": {
        "name": "All Operators",
        "successor": {
          "selection": {
            "selectionType": {
              "name": "Random"
            },
            "quantity": 0,
            "percentage": 0.2,
            "name": "Selection"
          },
          "executionType": {
            "name": "Conventional Execution"
          },
          "name": "Execute Operators",
          "successor": {
            "name": "Store Mutants"
          }
        }
      }
    }
  },
  {
    "variables": [
      28,
      104,
      23,
      52,
      4,
      163,
      111,
      143,
      150,
      104,
      142,
      112,
      39,
      114,
      23,
      78,
      151,
      12,
      41,
      9,
      151,
      129,
      89,
      132,
      26,
      169,
      47,
      127,
      64,
      140,
      42,
      57,
      73,
      126,
      91,
      21,
      173,
      97,
      167,
      17,
      31,
      154,
      83,
      161,
      117,
      39,
      143,
      134,
      40,
      168,
      6,
      26,
      30,
      8,
      156,
      95,
      8,
      135,
      87,
      9,
      80,
      68,
      35,
      178,
      85,
      0,
      177,
      145,
      44,
      158,
      159,
      168,
      123,
      56,
      97,
      110,
      102,
      33,
      170,
      172,
      21,
      43,
      109,
      77,
      24,
      85,
      133,
      9,
      173,
      6,
      150,
      170,
      6,
      165,
      164
    ],
    "objectives": [
      0.22343825042195103,
      -0.6
    ],
    "quantity": 0.1540983606557377,
    "strategy": {
      "firstOperation": {
        "name": "All Operators",
        "successor": {
          "selection": {
            "selectionType": {
              "name": "Random"
            },
            "quantity": 0,
            "percentage": 0.2,
            "name": "Selection"
          },
          "executionType": {
            "name": "Conventional Execution"
          },
          "name": "Execute Operators",
          "successor": {
            "name": "Store Mutants"
          }
        }
      }
    }
  },
  {
    "variables": [
      28,
      104,
      23,
      52,
      4,
      163,
      111,
      143,
      150,
      104,
      142,
      112,
      39,
      114,
      96,
      65,
      119,
      145,
      12,
      58,
      36,
      13,
      45,
      6,
      38,
      28,
      130,
      66,
      52,
      80,
      68,
      171,
      29,
      41,
      19,
      94,
      115,
      92,
      52,
      52,
      143,
      112,
      39,
      150,
      152,
      149,
      155,
      88,
      82,
      67,
      179,
      4,
      80,
      82,
      154,
      26,
      23,
      16,
      91,
      128,
      175,
      130,
      101,
      76,
      170,
      124,
      167,
      174,
      148,
      17,
      23,
      68,
      104,
      144,
      160,
      144,
      94,
      178,
      55,
      120,
      1,
      2,
      147,
      104,
      23,
      52,
      142,
      159,
      170,
      79,
      9,
      6,
      150,
      170,
      6,
      92,
      106,
      37,
      104,
      142,
      112,
      39,
      150,
      170,
      6,
      29,
      164,
      138,
      153,
      134,
      107,
      79,
      4,
      136,
      40,
      27,
      103,
      1,
      2,
      147,
      145
    ],
    "objectives": [
      0.2225388945917798,
      -0.588235294117647
    ],
    "quantity": 0.16393442622950818,
    "strategy": {
      "firstOperation": {
        "name": "All Operators",
        "successor": {
          "selection": {
            "selectionType": {
              "name": "Random"
            },
            "quantity": 0,
            "percentage": 0.2,
            "name": "Selection"
          },
          "executionType": {
            "name": "Conventional Execution"
          },
          "name": "Execute Operators",
          "successor": {
            "name": "Store Mutants"
          }
        }
      }
    }
  },
  {
    "variables": [
      28,
      104,
      23,
      52,
      4,
      163,
      111,
      143,
      150,
      143,
      35,
      95,
      132,
      130,
      141,
      153,
      109,
      176,
      100,
      88,
      154,
      57,
      158,
      18,
      99,
      18,
      151,
      128,
      179,
      51,
      145,
      53,
      163,
      68,
      141,
      96,
      65,
      119,
      145,
      12,
      58,
      36,
      13,
      45,
      6,
      38,
      28,
      130,
      66,
      52,
      80,
      68,
      171,
      29,
      41,
      19,
      23,
      52,
      4,
      163,
      111,
      143,
      150,
      6,
      29,
      164,
      138,
      6,
      29,
      73,
      28,
      4,
      163,
      111,
      143,
      150,
      143,
      9,
      151,
      129,
      89,
      132,
      26,
      169,
      47,
      127,
      32,
      35,
      174,
      19,
      94,
      115,
      92,
      81,
      37,
      104,
      27,
      112,
      39
    ],
    "objectives": [
      0.21256267816832147,
      -0.5831932773109243
    ],
    "quantity": 0.1540983606557377,
    "strategy": {
      "firstOperation": {
        "name": "All Operators",
        "successor": {
          "selection": {
            "selectionType": {
              "name": "Random"
            },
            "quantity": 0,
            "percentage": 0.2,
            "name": "Selection"
          },
          "executionType": {
            "name": "Conventional Execution"
          },
          "name": "Execute Operators",
          "successor": {
            "name": "Store Mutants"
          }
        }
      }
    }
  },
  {
    "variables": [
      28,
      104,
      23,
      52,
      4,
      163,
      111,
      143,
      150,
      104,
      142,
      112,
      39,
      114,
      23,
      78,
      151,
      12,
      41,
      9,
      151,
      129,
      89,
      132,
      26,
      169,
      47,
      127,
      32,
      35,
      174,
      19,
      94,
      115,
      92,
      81,
      37,
      104,
      142,
      112,
      39
    ],
    "objectives": [
      0.20956439517165498,
      -0.5495798319327732
    ],
    "quantity": 0.1540983606557377,
    "strategy": {
      "firstOperation": {
        "name": "All Operators",
        "successor": {
          "selection": {
            "selectionType": {
              "name": "Random"
            },
            "quantity": 0,
            "percentage": 0.2,
            "name": "Selection"
          },
          "executionType": {
            "name": "Conventional Execution"
          },
          "name": "Execute Operators",
          "successor": {
            "name": "Store Mutants"
          }
        }
      }
    }
  },
  {
    "variables": [
      28,
      104,
      23,
      52,
      4,
      163,
      111,
      143,
      150,
      152,
      35,
      95,
      132,
      130,
      141,
      153,
      170,
      138,
      124,
      109,
      76,
      0,
      1,
      51,
      26,
      5,
      136,
      4,
      29,
      143,
      41,
      8,
      57,
      95,
      8,
      135,
      87,
      117,
      73,
      17,
      32,
      146,
      172,
      139,
      58,
      17,
      144,
      3,
      43,
      116,
      7,
      171,
      178,
      150,
      143,
      35,
      95,
      132,
      130,
      141,
      153,
      168,
      138,
      124,
      109,
      76,
      0,
      1,
      51,
      26,
      5,
      136,
      4,
      29,
      143,
      41,
      8,
      156,
      95,
      8,
      135,
      87,
      117,
      73,
      28,
      4,
      163,
      111,
      35,
      102,
      33,
      170,
      172,
      52,
      142,
      159,
      152,
      35,
      178,
      85,
      0,
      177,
      55,
      177,
      0,
      171,
      0
    ],
    "objectives": [
      0.1919508940361491,
      -0.534453781512605
    ],
    "quantity": 0.10327868852459017,
    "strategy": {
      "firstOperation": {
        "name": "All Operators",
        "successor": {
          "selection": {
            "selectionType": {
              "name": "Random"
            },
            "quantity": 0,
            "percentage": 0.2,
            "name": "Selection"
          },
          "executionType": {
            "name": "Conventional Execution"
          },
          "name": "Execute Operators",
          "successor": {
            "name": "Store Mutants"
          }
        }
      }
    }
  },
  {
    "variables": [
      28,
      104,
      23,
      52,
      142,
      159,
      170,
      79,
      9,
      136,
      40,
      27,
      103,
      104,
      104,
      142,
      112,
      39,
      150,
      170,
      6,
      29,
      73,
      28,
      4,
      163,
      111,
      143,
      150,
      143,
      35,
      95,
      132,
      130,
      141,
      153,
      170,
      138,
      4,
      163,
      111,
      143,
      150,
      143,
      24,
      162,
      72,
      110,
      7,
      72,
      110,
      7
    ],
    "objectives": [
      0.18108962514779878,
      -0.46722689075630247
    ],
    "quantity": 0.07049180327868852,
    "strategy": {
      "firstOperation": {
        "name": "All Operators",
        "successor": {
          "selection": {
            "selectionType": {
              "name": "Random"
            },
            "quantity": 0,
            "percentage": 0.1,
            "name": "Selection"
          },
          "executionType": {
            "name": "Conventional Execution"
          },
          "name": "Execute Operators",
          "successor": {
            "name": "Store Mutants"
          }
        }
      }
    }
  },
  {
    "variables": [
      28,
      104,
      23,
      52,
      4,
      163,
      111,
      143,
      150,
      6,
      29,
      163,
      111,
      143,
      150,
      143,
      35,
      115,
      92,
      52,
      52,
      143,
      62,
      169,
      64,
      140,
      42,
      148,
      73,
      100,
      128,
      25,
      140,
      119,
      20,
      17,
      116
    ],
    "objectives": [
      0.17830800145981782,
      -0.42521008403361343
    ],
    "quantity": 0.10163934426229508,
    "strategy": {
      "firstOperation": {
        "name": "All Operators",
        "successor": {
          "selection": {
            "selectionType": {
              "name": "Random"
            },
            "quantity": 0,
            "percentage": 0.2,
            "name": "Selection"
          },
          "executionType": {
            "name": "Conventional Execution"
          },
          "name": "Execute Operators",
          "successor": {
            "name": "Store Mutants"
          }
        }
      }
    }
  },
  {
    "variables": [
      28,
      104,
      23,
      52,
      142,
      159,
      170,
      79,
      9,
      35,
      178,
      85,
      112,
      39,
      114,
      23,
      78,
      151,
      91,
      128,
      175,
      130,
      101,
      76,
      170,
      124,
      167,
      174,
      148,
      17,
      23,
      68,
      104,
      144,
      160,
      144,
      94,
      178,
      55,
      120,
      1,
      2,
      147,
      104,
      23,
      52,
      142,
      159,
      170,
      79,
      9,
      6,
      150,
      170,
      6,
      80,
      169,
      51,
      25,
      134,
      119,
      28,
      4,
      163,
      111,
      143,
      150,
      143,
      35,
      95,
      121,
      130,
      141,
      153,
      170,
      138,
      124,
      45,
      6,
      38,
      28,
      130,
      66,
      52,
      80,
      68,
      171,
      29,
      41,
      19,
      94,
      115,
      92,
      52,
      52,
      143,
      62,
      169,
      64,
      140,
      9,
      148,
      73,
      100,
      128,
      25,
      140,
      147,
      20,
      17,
      116
    ],
    "objectives": [
      0.1627615340895286,
      -0.4134453781512605
    ],
    "quantity": 0.07213114754098361,
    "strategy": {
      "firstOperation": {
        "name": "All Operators",
        "successor": {
          "selection": {
            "selectionType": {
              "name": "Random"
            },
            "quantity": 0,
            "percentage": 0.1,
            "name": "Selection"
          },
          "executionType": {
            "name": "Conventional Execution"
          },
          "name": "Execute Operators",
          "successor": {
            "name": "Store Mutants"
          }
        }
      }
    }
  },
  {
    "variables": [
      28,
      104,
      23,
      52,
      142,
      159,
      170,
      79,
      142,
      112,
      39,
      114,
      23,
      159,
      170
    ],
    "objectives": [
      0.1516666083035761,
      -0.3831932773109244
    ],
    "quantity": 0.06229508196721312,
    "strategy": {
      "firstOperation": {
        "name": "All Operators",
        "successor": {
          "selection": {
            "selectionType": {
              "name": "Random"
            },
            "quantity": 0,
            "percentage": 0.1,
            "name": "Selection"
          },
          "executionType": {
            "name": "Conventional Execution"
          },
          "name": "Execute Operators",
          "successor": {
            "name": "Store Mutants"
          }
        }
      }
    }
  },
  {
    "variables": [
      24,
      3,
      102,
      24,
      73,
      87,
      145,
      44,
      158,
      159,
      168,
      123,
      56,
      97,
      110,
      1,
      35,
      102,
      33,
      170,
      173,
      21,
      43,
      109,
      150,
      170,
      6,
      101,
      81,
      37,
      104,
      142,
      112,
      39,
      150,
      170,
      6,
      29,
      164,
      138,
      153,
      134,
      107,
      37,
      4,
      136,
      40,
      27,
      103,
      104,
      104,
      142,
      112,
      39,
      150,
      170,
      6,
      82,
      56,
      89,
      104,
      174,
      65,
      36,
      52,
      148,
      168,
      94,
      34,
      1,
      66,
      52,
      142,
      159,
      150,
      143,
      33,
      170,
      173,
      21,
      43,
      109,
      109,
      176,
      135,
      88,
      154,
      57,
      158,
      18,
      99,
      18,
      151,
      128,
      179,
      51,
      145,
      53,
      163,
      68,
      103,
      96,
      65,
      119,
      145,
      12,
      58,
      36,
      13,
      45,
      6,
      38,
      28,
      130,
      66,
      52,
      80,
      68,
      171,
      29,
      41,
      19,
      12,
      52,
      4,
      163,
      111,
      143,
      150,
      6,
      29,
      164,
      138,
      153,
      134,
      107,
      79,
      4,
      136,
      40,
      27,
      103,
      104,
      104,
      142,
      112,
      39,
      150,
      170,
      6,
      29,
      164,
      138
    ],
    "objectives": [
      0.14916907709757213,
      -0.33949579831932775
    ],
    "quantity": 0.06557377049180327,
    "strategy": {
      "firstOperation": {
        "name": "All Operators",
        "successor": {
          "selection": {
            "selectionType": {
              "name": "Random"
            },
            "quantity": 6,
            "percentage": 0.0,
            "name": "Selection"
          },
          "name": "Select Operators",
          "successor": {
            "selection": {
              "selectionType": {
                "name": "Sequential"
              },
              "quantity": 0,
              "percentage": 0.2,
              "sorter": {
                "reversed": false,
                "name": "Sort Operators by Mutant Quantity"
              },
              "name": "Selection"
            },
            "executionType": {
              "name": "Conventional Execution"
            },
            "name": "Execute Operators",
            "successor": {
              "name": "Store Mutants"
            }
          }
        }
      }
    }
  },
  {
    "variables": [
      28,
      104,
      23,
      52,
      142,
      159,
      170,
      79,
      9,
      6,
      150,
      170,
      6,
      29,
      164
    ],
    "objectives": [
      0.13165888039561924,
      -0.27899159663865547
    ],
    "quantity": 0.04918032786885246,
    "strategy": {
      "firstOperation": {
        "name": "All Operators",
        "successor": {
          "selection": {
            "selectionType": {
              "name": "Random"
            },
            "quantity": 0,
            "percentage": 0.1,
            "name": "Selection"
          },
          "executionType": {
            "name": "Conventional Execution"
          },
          "name": "Execute Operators",
          "successor": {
            "name": "Store Mutants"
          }
        }
      }
    }
  },
  {
    "variables": [
      28,
      104,
      23,
      52,
      142,
      159,
      170,
      79,
      9,
      6,
      179,
      170,
      6,
      29,
      164,
      79,
      9,
      6,
      150,
      170,
      6,
      92,
      81,
      37,
      104,
      142,
      112,
      39,
      150,
      170,
      6,
      29,
      164,
      138,
      153,
      134,
      107,
      37,
      99,
      147,
      22,
      65,
      110,
      9,
      94,
      153,
      127,
      24,
      3,
      102,
      24,
      73,
      87,
      145,
      44,
      165,
      89,
      144,
      5,
      174,
      81,
      37,
      104,
      142,
      112,
      39,
      114,
      23,
      78,
      151,
      12,
      41,
      9,
      151,
      129,
      89,
      132,
      26,
      169,
      47,
      127,
      32,
      35,
      174,
      19,
      94,
      115,
      92,
      81,
      37,
      104,
      142,
      112,
      39
    ],
    "objectives": [
      0.12038450662012008,
      -0.2739495798319328
    ],
    "quantity": 0.047540983606557376,
    "strategy": {
      "firstOperation": {
        "name": "All Operators",
        "successor": {
          "selection": {
            "selectionType": {
              "name": "Random"
            },
            "quantity": 0,
            "percentage": 0.1,
            "name": "Selection"
          },
          "executionType": {
            "name": "Conventional Execution"
          },
          "name": "Execute Operators",
          "successor": {
            "name": "Store Mutants"
          }
        }
      }
    }
  },
  {
    "variables": [
      69,
      156,
      117,
      66,
      106,
      32,
      146,
      172,
      139,
      58,
      17,
      144,
      164,
      59,
      14,
      166,
      43,
      63,
      103,
      38,
      57,
      73,
      126,
      67,
      21,
      63
    ],
    "objectives": [
      0.10082049336524505,
      -0.23865546218487393
    ],
    "quantity": 0.04426229508196721,
    "strategy": {
      "firstOperation": {
        "name": "All Operators",
        "successor": {
          "selection": {
            "selectionType": {
              "name": "Random"
            },
            "quantity": 0,
            "percentage": 1.0,
            "sorter": {
              "reversed": false,
              "name": "Sort Mutants by Operator Type"
            },
            "name": "Selection"
          },
          "name": "Select Mutants",
          "successor": {
            "name": "New Branch",
            "successor": {
              "selection": {
                "selectionType": {
                  "name": "Random"
                },
                "quantity": 7,
                "percentage": 0.0,
                "name": "Group Selection"
              },
              "name": "Select Mutants",
              "successor": {
                "name": "Store Mutants"
              }
            },
            "secondSuccessor": {
              "selection": {
                "selectionType": {
                  "name": "Sequential"
                },
                "quantity": 0,
                "percentage": 0.7,
                "sorter": {
                  "reversed": false,
                  "name": "Sort Mutants by Operator Type"
                },
                "name": "Selection"
              },
              "name": "Discard Mutants",
              "successor": {
                "selection": {
                  "selectionType": {
                    "name": "LastToFirst"
                  },
                  "quantity": 9,
                  "percentage": 0.0,
                  "name": "Group Selection"
                },
                "name": "Discard Operators",
                "successor": {
                  "selection": {
                    "selectionType": {
                      "name": "Sequential"
                    },
                    "quantity": 8,
                    "percentage": 0.0,
                    "name": "Group Selection"
                  },
                  "name": "Discard Mutants",
                  "successor": {
                    "selection": {
                      "selectionType": {
                        "name": "Sequential"
                      },
                      "quantity": 0,
                      "percentage": 0.8,
                      "sorter": {
                        "reversed": true,
                        "name": "Sort Groups by Quantity in Group"
                      },
                      "name": "Group Selection"
                    },
                    "name": "Select Mutants",
                    "successor": {
                      "selection": {
                        "selectionType": {
                          "name": "Random"
                        },
                        "quantity": 0,
                        "percentage": 0.4,
                        "name": "Selection"
                      },
                      "executionType": {
                        "name": "Conventional Execution"
                      },
                      "name": "Execute Operators",
                      "successor": {
                        "name": "Store Mutants"
                      }
                    }
                  }
                }
              }
            }
          }
        }
      }
    }
  },
  {
    "variables": [
      24,
      3,
      102,
      24,
      73,
      87,
      145,
      44,
      158,
      159,
      168,
      123,
      56,
      97,
      110,
      1,
      35,
      102,
      33,
      170,
      173,
      21,
      43,
      109,
      150,
      170,
      6,
      92,
      81,
      37,
      104,
      142,
      112,
      39,
      150,
      170,
      6,
      29,
      164,
      138,
      153,
      134,
      107,
      37,
      4,
      136,
      40,
      27,
      103,
      104,
      104,
      142,
      112,
      39,
      150,
      170,
      6,
      82,
      56,
      89,
      104,
      174,
      65,
      36,
      52,
      148,
      168,
      94,
      34,
      1,
      66,
      52,
      142,
      159,
      150,
      143,
      33,
      170,
      173,
      21,
      43,
      109,
      150,
      170,
      6,
      92,
      81,
      37,
      104,
      142,
      112,
      39,
      150,
      170,
      6,
      29,
      164,
      138,
      153,
      134
    ],
    "objectives": [
      0.0963247157320761,
      -0.2
    ],
    "quantity": 0.032786885245901634,
    "strategy": {
      "firstOperation": {
        "name": "All Operators",
        "successor": {
          "selection": {
            "selectionType": {
              "name": "Random"
            },
            "quantity": 6,
            "percentage": 0.0,
            "name": "Selection"
          },
          "name": "Select Operators",
          "successor": {
            "selection": {
              "selectionType": {
                "name": "Sequential"
              },
              "quantity": 0,
              "percentage": 0.2,
              "sorter": {
                "reversed": false,
                "name": "Sort Operators by Mutant Quantity"
              },
              "name": "Selection"
            },
            "executionType": {
              "name": "Conventional Execution"
            },
            "name": "Execute Operators",
            "successor": {
              "name": "Store Mutants"
            }
          }
        }
      }
    }
  },
  {
    "variables": [
      28,
      85,
      0,
      177,
      0,
      171,
      13,
      48,
      84,
      118,
      176,
      25,
      5,
      149,
      177,
      64,
      80,
      100,
      104,
      23,
      52,
      4,
      163,
      111,
      143,
      5,
      149,
      177,
      64,
      80,
      100,
      38,
      23,
      74,
      4,
      163,
      111,
      143,
      150,
      143,
      24,
      162,
      72,
      110,
      7,
      2,
      147,
      145
    ],
    "objectives": [
      0.06249925282901418,
      -0.16302521008403362
    ],
    "quantity": 0.03442622950819672,
    "strategy": {
      "firstOperation": {
        "name": "All Operators",
        "successor": {
          "selection": {
            "selectionType": {
              "name": "Sequential"
            },
            "quantity": 8,
            "percentage": 0.0,
            "name": "Group Selection"
          },
          "name": "Discard Operators",
          "successor": {
            "selection": {
              "selectionType": {
                "name": "LastToFirst"
              },
              "quantity": 2,
              "percentage": 0.0,
              "sorter": {
                "reversed": true,
                "name": "Sort Operators by Type"
              },
              "name": "Selection"
            },
            "executionType": {
              "name": "Conventional Execution"
            },
            "name": "Execute Operators",
            "successor": {
              "name": "Store Mutants"
            }
          }
        }
      }
    }
  },
  {
    "variables": [
      24,
      3,
      102,
      24,
      73,
      87,
      145,
      44,
      158,
      159,
      168,
      123,
      56,
      97,
      110,
      1,
      35,
      102,
      33,
      170,
      172,
      21,
      43,
      109,
      77,
      24,
      85,
      133,
      9,
      173,
      6,
      150,
      170,
      6,
      165,
      164
    ],
    "objectives": [
      0.0526482472752812,
      -0.12941176470588237
    ],
    "quantity": 0.032786885245901634,
    "strategy": {
      "firstOperation": {
        "name": "All Operators",
        "successor": {
          "selection": {
            "selectionType": {
              "name": "Random"
            },
            "quantity": 6,
            "percentage": 0.0,
            "name": "Selection"
          },
          "name": "Select Operators",
          "successor": {
            "selection": {
              "selectionType": {
                "name": "Sequential"
              },
              "quantity": 0,
              "percentage": 0.2,
              "sorter": {
                "reversed": false,
                "name": "Sort Operators by Mutant Quantity"
              },
              "name": "Selection"
            },
            "executionType": {
              "name": "Conventional Execution"
            },
            "name": "Execute Operators",
            "successor": {
              "name": "Store Mutants"
            }
          }
        }
      }
    }
  },
  {
    "variables": [
      28,
      85,
      0,
      177,
      0,
      171,
      13,
      48,
      84,
      118,
      176,
      25,
      5,
      149,
      177,
      64,
      80,
      100,
      38,
      23,
      74,
      4,
      163,
      111,
      143,
      150,
      143,
      24,
      162,
      72,
      110,
      7,
      2,
      147,
      145
    ],
    "objectives": [
      0.05190155941593605,
      -0.06554621848739496
    ],
    "quantity": 0.013114754098360656,
    "strategy": {
      "firstOperation": {
        "name": "All Operators",
        "successor": {
          "selection": {
            "selectionType": {
              "name": "Sequential"
            },
            "quantity": 8,
            "percentage": 0.0,
            "name": "Group Selection"
          },
          "name": "Discard Operators",
          "successor": {
            "selection": {
              "selectionType": {
                "name": "LastToFirst"
              },
              "quantity": 2,
              "percentage": 0.0,
              "sorter": {
                "reversed": true,
                "name": "Sort Operators by Type"
              },
              "name": "Selection"
            },
            "executionType": {
              "name": "Conventional Execution"
            },
            "name": "Execute Operators",
            "successor": {
              "name": "Store Mutants"
            }
          }
        }
      }
    }
  },
  {
    "variables": [
      28,
      85,
      0,
      177,
      0,
      171,
      13,
      48,
      84,
      118,
      176,
      25,
      5,
      149,
      177,
      64,
      80,
      100,
      79,
      132,
      52,
      166,
      0,
      171,
      55,
      152,
      140,
      31,
      139,
      132,
      35
    ],
    "objectives": [
      0.043938823773194614,
      -0.011764705882352941
    ],
    "quantity": 0.0049180327868852455,
    "strategy": {
      "firstOperation": {
        "name": "All Operators",
        "successor": {
          "selection": {
            "selectionType": {
              "name": "Sequential"
            },
            "quantity": 8,
            "percentage": 0.0,
            "name": "Group Selection"
          },
          "name": "Discard Operators",
          "successor": {
            "selection": {
              "selectionType": {
                "name": "Random"
              },
              "quantity": 3,
              "percentage": 0.0,
              "sorter": {
                "reversed": true,
                "name": "Sort Groups by Quantity in Group"
              },
              "name": "Group Selection"
            },
            "executionType": {
              "name": "Conventional Execution"
            },
            "name": "Execute Operators",
            "successor": {
              "name": "Store Mutants"
            }
          }
        }
      }
    }
  }
]}