{
    "session":"GE",
    "result": [
  {
    "variables": [
      52,
      152,
      152,
      11,
      136,
      51,
      41,
      128,
      40,
      47,
      1,
      6,
      18,
      88,
      130,
      43,
      174,
      68,
      14,
      141,
      129,
      64,
      116,
      15,
      28,
      68,
      174,
      113,
      39,
      3,
      19,
      156,
      58,
      6,
      170,
      37,
      30,
      98,
      153,
      171,
      141,
      29,
      9,
      88,
      151,
      40,
      142,
      49,
      102,
      40,
      47,
      1,
      116,
      124,
      142,
      11,
      102,
      40,
      47,
      1,
      6,
      18,
      88,
      130,
      43,
      174,
      68,
      14,
      141,
      129,
      64,
      116,
      15,
      28,
      68,
      174,
      48,
      39,
      3,
      19,
      156,
      67,
      30,
      36
    ],
    "objectives": [
      0.25169268394516925,
      -1.0
    ],
    "quantity": 1.0,
    "strategy": {
      "firstOperation": {
        "name": "All Operators",
        "successor": {
          "selection": {
            "selectionType": {
              "name": "Sequential"
            },
            "quantity": 9,
            "percentage": 0.0,
            "name": "Group Selection"
          },
          "executionType": {
            "name": "Conventional Execution"
          },
          "name": "Execute Operators",
          "successor": {
            "selection": {
              "selectionType": {
                "name": "LastToFirst"
              },
              "quantity": 0,
              "percentage": 0.5,
              "sorter": {
                "reversed": true,
                "name": "Sort Operators by Mutant Quantity"
              },
              "name": "Selection"
            },
            "name": "Discard Operators",
            "successor": {
              "selection": {
                "selectionType": {
                  "name": "Sequential"
                },
                "quantity": 10,
                "percentage": 0.0,
                "name": "Selection"
              },
              "name": "Select Operators",
              "successor": {
                "name": "Store Mutants"
              }
            }
          }
        }
      }
    }
  },
  {
    "variables": [
      52,
      152,
      152,
      11,
      136,
      51,
      41,
      38,
      56,
      44,
      9,
      91,
      134,
      75,
      152,
      50,
      139,
      108,
      48,
      30,
      30,
      75,
      90,
      101,
      176,
      100,
      156,
      167,
      159,
      82,
      85,
      15,
      11,
      102,
      169,
      47,
      1,
      31,
      18,
      88,
      130,
      43,
      174,
      110,
      133,
      79,
      33,
      142,
      11,
      102,
      40,
      47,
      1,
      6,
      86,
      88,
      130,
      43,
      174,
      68,
      14,
      55,
      127,
      146,
      53,
      84,
      154,
      17,
      57,
      68,
      34,
      23,
      91,
      115,
      172,
      31,
      39,
      1,
      27,
      87,
      40,
      47,
      1
    ],
    "objectives": [
      0.18539755032574884,
      -0.9747899159663864
    ],
    "quantity": 0.46721311475409844,
    "strategy": {
      "firstOperation": {
        "name": "All Operators",
        "successor": {
          "selection": {
            "selectionType": {
              "name": "Sequential"
            },
            "quantity": 5,
            "percentage": 0.0,
            "name": "Group Selection"
          },
          "executionType": {
            "name": "Conventional Execution"
          },
          "name": "Execute Operators",
          "successor": {
            "name": "Store Mutants"
          }
        }
      }
    }
  },
  {
    "variables": [
      44,
      71,
      35,
      123,
      14,
      110,
      84,
      79,
      105,
      119,
      58,
      6,
      170,
      48,
      55,
      98,
      153,
      0,
      141,
      29,
      9,
      88,
      151,
      40,
      146,
      64,
      137,
      92,
      84,
      102,
      150,
      103,
      67,
      133,
      130,
      91,
      134,
      75,
      152,
      21,
      99,
      158,
      123,
      107,
      34,
      15,
      146,
      45,
      91,
      134,
      126,
      89,
      149,
      24,
      67,
      63,
      20,
      1
    ],
    "objectives": [
      0.17438991275169005,
      -0.8235294117647058
    ],
    "quantity": 0.28688524590163933,
    "strategy": {
      "firstOperation": {
        "name": "All Operators",
        "successor": {
          "selection": {
            "selectionType": {
              "name": "LastToFirst"
            },
            "quantity": 0,
            "percentage": 0.4,
            "sorter": {
              "reversed": true,
              "name": "Sort Operator Groups by Mutant Quantity in Group"
            },
            "name": "Group Selection"
          },
          "executionType": {
            "name": "Conventional Execution"
          },
          "name": "Execute Operators",
          "successor": {
            "selection": {
              "selectionType": {
                "name": "Random"
              },
              "quantity": 0,
              "percentage": 0.4,
              "sorter": {
                "reversed": false,
                "name": "Sort Groups by Quantity in Group"
              },
              "name": "Group Selection"
            },
            "name": "Select Operators",
            "successor": {
              "name": "New Branch",
              "successor": {
                "name": "Store Mutants"
              },
              "secondSuccessor": {
                "name": "New Branch",
                "successor": {
                  "name": "Store Mutants"
                },
                "secondSuccessor": {
                  "selection": {
                    "selectionType": {
                      "name": "Sequential"
                    },
                    "quantity": 0,
                    "percentage": 0.5,
                    "name": "Selection"
                  },
                  "name": "Select Operators",
                  "successor": {
                    "name": "Store Mutants"
                  }
                }
              }
            }
          }
        }
      }
    }
  },
  {
    "variables": [
      120,
      2,
      115,
      172,
      31,
      39,
      1,
      27,
      87,
      138,
      85,
      1,
      167,
      33,
      23,
      162,
      24,
      63,
      132,
      137,
      161,
      126,
      64,
      106,
      30,
      106,
      86,
      48,
      5,
      0,
      74,
      0,
      95,
      101,
      90,
      77,
      14,
      156,
      67,
      148,
      112,
      41,
      66,
      3,
      11,
      145,
      105,
      17,
      58,
      6,
      132,
      110,
      56,
      80,
      77,
      101,
      156,
      132,
      126,
      117,
      113,
      96,
      56,
      177,
      114,
      162,
      6,
      91,
      106,
      68,
      14,
      141,
      117,
      64,
      116,
      64,
      28,
      68,
      174,
      165,
      39,
      3,
      19,
      156,
      67,
      148,
      112,
      71,
      35,
      123,
      106,
      108,
      6,
      155,
      162,
      168,
      116,
      121,
      22,
      11,
      7,
      154,
      39,
      3,
      19,
      156,
      67,
      148,
      112,
      71,
      35,
      72,
      14,
      169,
      134,
      27,
      52,
      50,
      117,
      149,
      94,
      100,
      177
    ],
    "objectives": [
      0.1681023265738426,
      -0.7210084033613444
    ],
    "quantity": 0.180327868852459,
    "strategy": {
      "firstOperation": {
        "name": "All Operators",
        "successor": {
          "selection": {
            "selectionType": {
              "name": "Random"
            },
            "quantity": 0,
            "percentage": 0.2,
            "name": "Selection"
          },
          "executionType": {
            "name": "Conventional Execution"
          },
          "name": "Execute Operators",
          "successor": {
            "name": "Store Mutants"
          }
        }
      }
    }
  },
  {
    "variables": [
      0,
      71,
      35,
      123,
      14,
      110,
      133,
      79,
      124,
      142,
      11,
      102,
      29,
      47,
      1,
      6,
      86,
      88,
      130,
      43,
      174,
      68,
      14,
      55,
      127,
      146,
      53,
      84,
      154,
      17,
      57,
      68,
      122,
      23,
      2,
      115,
      172,
      31,
      39,
      1,
      27,
      87,
      138,
      85,
      1,
      40,
      47,
      1,
      6,
      86,
      88,
      130,
      43,
      174,
      68,
      14,
      55,
      127,
      146,
      53,
      84,
      154,
      17,
      57,
      68,
      122,
      36,
      2,
      115,
      172,
      31,
      39,
      1,
      27,
      87,
      138,
      85,
      1,
      167,
      33,
      63,
      90,
      62,
      117,
      67,
      148,
      112,
      71,
      154,
      123,
      106,
      108,
      11,
      102,
      40,
      167,
      58,
      43,
      33,
      23,
      47,
      1,
      6,
      18,
      88,
      50,
      11,
      102,
      40,
      167,
      167,
      132,
      167,
      40,
      163,
      56
    ],
    "objectives": [
      0.16477926184900732,
      -0.7193277310924369
    ],
    "quantity": 0.13934426229508196,
    "strategy": {
      "firstOperation": {
        "name": "All Operators",
        "successor": {
          "selection": {
            "selectionType": {
              "name": "LastToFirst"
            },
            "quantity": 0,
            "percentage": 1.0,
            "name": "Group Selection"
          },
          "executionType": {
            "name": "Conventional Execution"
          },
          "name": "Execute Operators",
          "successor": {
            "name": "Store Mutants"
          }
        }
      }
    }
  },
  {
    "variables": [
      0,
      71,
      35,
      123,
      14,
      110,
      84,
      79,
      124,
      142,
      11,
      102,
      40,
      47,
      1,
      6,
      18,
      88,
      130,
      43,
      174,
      68,
      14,
      55,
      127,
      146,
      53,
      47,
      51,
      110,
      106,
      129,
      102,
      62,
      117,
      67,
      148,
      112,
      71,
      35,
      123,
      106,
      108,
      6,
      155,
      162,
      168,
      114,
      121,
      22,
      149,
      7,
      154,
      83,
      1
    ],
    "objectives": [
      0.16013339862605744,
      -0.680672268907563
    ],
    "quantity": 0.13934426229508196,
    "strategy": {
      "firstOperation": {
        "name": "All Operators",
        "successor": {
          "selection": {
            "selectionType": {
              "name": "LastToFirst"
            },
            "quantity": 0,
            "percentage": 0.5,
            "sorter": {
              "reversed": false,
              "name": "Sort Operator Groups by Mutant Quantity in Group"
            },
            "name": "Group Selection"
          },
          "executionType": {
            "name": "Conventional Execution"
          },
          "name": "Execute Operators",
          "successor": {
            "name": "Store Mutants"
          }
        }
      }
    }
  },
  {
    "variables": [
      0,
      71,
      35,
      123,
      14,
      110,
      103,
      79,
      124,
      123,
      106,
      23,
      6,
      155,
      162,
      168,
      114,
      121,
      22,
      11,
      7,
      154,
      83,
      85,
      1,
      167,
      33,
      23,
      4,
      24,
      63,
      132,
      137,
      161,
      126,
      64,
      16,
      30,
      106,
      86,
      178,
      128,
      0,
      74,
      130,
      126,
      101,
      88,
      174,
      114,
      9,
      61,
      178,
      177,
      165,
      107,
      176,
      132,
      164,
      136,
      100,
      177
    ],
    "objectives": [
      0.1539923867817701,
      -0.5966386554621849
    ],
    "quantity": 0.07377049180327869,
    "strategy": {
      "firstOperation": {
        "name": "All Operators",
        "successor": {
          "selection": {
            "selectionType": {
              "name": "LastToFirst"
            },
            "quantity": 0,
            "percentage": 0.3,
            "name": "Group Selection"
          },
          "executionType": {
            "name": "Conventional Execution"
          },
          "name": "Execute Operators",
          "successor": {
            "selection": {
              "selectionType": {
                "name": "LastToFirst"
              },
              "quantity": 0,
              "percentage": 0.5,
              "name": "Selection"
            },
            "name": "Select Operators",
            "successor": {
              "name": "Store Mutants"
            }
          }
        }
      }
    }
  },
  {
    "variables": [
      0,
      32,
      35,
      123,
      14,
      110,
      133,
      79,
      124,
      142,
      11,
      102,
      40,
      47,
      24,
      116,
      93,
      153,
      55,
      101,
      155,
      118,
      147,
      28,
      22,
      2,
      25,
      94,
      92,
      110,
      80,
      134,
      58,
      155,
      163,
      167,
      161,
      88,
      174,
      114,
      9,
      75,
      90,
      55,
      176,
      100,
      156,
      167,
      40,
      82,
      85,
      15,
      146,
      45
    ],
    "objectives": [
      0.12807990520265658,
      -0.5478991596638656
    ],
    "quantity": 0.09508196721311475,
    "strategy": {
      "firstOperation": {
        "name": "All Operators",
        "successor": {
          "selection": {
            "selectionType": {
              "name": "LastToFirst"
            },
            "quantity": 0,
            "percentage": 0.1,
            "name": "Group Selection"
          },
          "executionType": {
            "name": "Conventional Execution"
          },
          "name": "Execute Operators",
          "successor": {
            "name": "Store Mutants"
          }
        }
      }
    }
  },
  {
    "variables": [
      0,
      71,
      35,
      123,
      14,
      110,
      133,
      79,
      124,
      142,
      11,
      102,
      40,
      47,
      139,
      108,
      48,
      30,
      30,
      75,
      122,
      113,
      176,
      100,
      156,
      167,
      40,
      163,
      56
    ],
    "objectives": [
      0.12488705024136308,
      -0.5327731092436975
    ],
    "quantity": 0.08688524590163935,
    "strategy": {
      "firstOperation": {
        "name": "All Operators",
        "successor": {
          "selection": {
            "selectionType": {
              "name": "LastToFirst"
            },
            "quantity": 0,
            "percentage": 0.1,
            "name": "Group Selection"
          },
          "executionType": {
            "name": "Conventional Execution"
          },
          "name": "Execute Operators",
          "successor": {
            "name": "Store Mutants"
          }
        }
      }
    }
  },
  {
    "variables": [
      0,
      71,
      35,
      123,
      14,
      110,
      133,
      79,
      124,
      142,
      11,
      102,
      40,
      47,
      1
    ],
    "objectives": [
      0.116383968719602,
      -0.5126050420168067
    ],
    "quantity": 0.07704918032786885,
    "strategy": {
      "firstOperation": {
        "name": "All Operators",
        "successor": {
          "selection": {
            "selectionType": {
              "name": "LastToFirst"
            },
            "quantity": 0,
            "percentage": 0.1,
            "name": "Group Selection"
          },
          "executionType": {
            "name": "Conventional Execution"
          },
          "name": "Execute Operators",
          "successor": {
            "name": "Store Mutants"
          }
        }
      }
    }
  },
  {
    "variables": [
      0,
      71,
      35,
      123,
      14,
      110,
      133,
      79,
      124,
      142,
      11,
      102,
      40,
      47,
      1,
      6,
      86,
      88,
      130,
      30,
      174,
      68,
      14,
      55,
      127,
      146,
      53,
      84,
      154,
      17,
      57,
      68,
      122,
      23,
      2,
      115,
      4,
      24,
      63,
      132,
      137,
      161,
      126,
      64,
      167,
      124,
      142,
      11,
      102,
      40,
      47,
      1,
      6,
      18,
      88,
      130,
      43,
      174,
      68,
      130,
      130
    ],
    "objectives": [
      0.09045759317481541,
      -0.4134453781512605
    ],
    "quantity": 0.0721311475409836,
    "strategy": {
      "firstOperation": {
        "name": "All Operators",
        "successor": {
          "selection": {
            "selectionType": {
              "name": "LastToFirst"
            },
            "quantity": 0,
            "percentage": 0.1,
            "name": "Group Selection"
          },
          "executionType": {
            "name": "Conventional Execution"
          },
          "name": "Execute Operators",
          "successor": {
            "name": "Store Mutants"
          }
        }
      }
    }
  },
  {
    "variables": [
      0,
      71,
      35,
      123,
      14,
      110,
      133,
      79,
      124,
      142,
      11,
      102,
      40,
      47,
      151,
      55,
      127,
      146,
      11,
      90,
      105,
      17,
      58,
      6,
      170,
      48,
      55,
      98,
      153,
      171,
      141,
      29,
      9,
      88,
      151,
      40,
      146,
      64,
      137,
      33,
      84,
      102,
      150,
      103,
      67,
      96,
      130,
      91,
      134,
      75,
      152,
      50,
      139,
      108,
      48,
      30,
      30,
      114,
      90,
      146,
      176,
      100,
      54,
      99,
      40,
      82,
      85,
      88,
      44,
      28,
      30,
      142,
      11,
      102,
      40,
      47,
      1,
      6,
      18,
      88,
      16,
      30,
      106,
      86,
      48,
      128,
      0,
      74,
      90,
      126,
      101,
      90,
      77,
      14,
      29,
      164,
      1,
      98,
      151,
      55,
      127,
      146,
      11,
      90,
      105,
      17,
      58,
      6,
      170,
      15,
      55,
      98,
      153,
      171,
      141,
      29,
      9,
      88,
      151,
      22,
      146,
      98,
      151,
      55,
      127,
      146,
      11,
      90,
      105,
      17,
      58,
      6,
      170,
      15,
      55,
      98,
      153,
      171,
      141,
      29,
      9,
      88,
      151,
      40,
      146,
      64,
      137,
      92,
      84,
      102,
      150,
      103,
      67,
      133,
      130,
      91,
      134,
      75,
      152,
      50,
      139,
      108,
      48,
      30,
      30,
      114,
      90,
      146,
      176,
      100,
      54,
      167,
      40,
      82,
      85,
      88,
      44,
      85,
      30,
      111,
      119,
      7,
      115,
      109,
      31,
      163,
      72,
      14,
      169,
      134,
      27,
      52,
      39,
      117,
      149,
      94,
      100,
      177
    ],
    "objectives": [
      0.08579088263581901,
      -0.2739495798319328
    ],
    "quantity": 0.047540983606557376,
    "strategy": {
      "firstOperation": {
        "name": "All Operators",
        "successor": {
          "selection": {
            "selectionType": {
              "name": "LastToFirst"
            },
            "quantity": 0,
            "percentage": 0.1,
            "name": "Group Selection"
          },
          "executionType": {
            "name": "Conventional Execution"
          },
          "name": "Execute Operators",
          "successor": {
            "name": "Store Mutants"
          }
        }
      }
    }
  },
  {
    "variables": [
      0,
      14,
      170,
      116,
      124,
      142,
      11,
      102,
      40,
      167,
      58,
      154,
      33,
      23,
      4,
      24,
      63,
      132,
      137,
      161,
      126,
      21,
      57,
      99,
      41,
      164,
      139,
      27,
      52,
      39,
      117,
      149,
      94,
      100,
      177
    ],
    "objectives": [
      0.08477744455395547,
      -0.2588235294117647
    ],
    "quantity": 0.039344262295081964,
    "strategy": {
      "firstOperation": {
        "name": "All Operators",
        "successor": {
          "selection": {
            "selectionType": {
              "name": "Random"
            },
            "quantity": 1,
            "percentage": 0.0,
            "sorter": {
              "reversed": false,
              "name": "Sort Operators by Mutant Quantity"
            },
            "name": "Selection"
          },
          "executionType": {
            "name": "Conventional Execution"
          },
          "name": "Execute Operators",
          "successor": {
            "name": "Store Mutants"
          }
        }
      }
    }
  },
  {
    "variables": [
      0,
      71,
      35,
      123,
      14,
      110,
      133,
      79,
      124,
      142,
      11,
      102,
      40,
      47,
      1,
      6,
      86,
      88,
      130,
      43,
      174,
      68,
      14,
      55,
      127,
      146,
      53,
      84,
      154,
      17,
      57,
      68,
      122,
      36,
      2,
      115,
      172,
      31,
      39,
      1,
      27,
      87,
      138,
      85,
      1,
      167,
      33,
      63,
      90,
      62,
      117,
      67,
      148,
      112,
      71,
      154,
      123,
      106,
      108,
      11,
      102,
      40,
      167,
      58,
      43,
      33,
      23,
      47,
      1,
      6,
      18,
      88,
      50,
      11,
      102,
      40,
      167,
      167,
      132,
      167,
      40,
      163,
      56
    ],
    "objectives": [
      0.06867664975480685,
      -0.253781512605042
    ],
    "quantity": 0.03770491803278688,
    "strategy": {
      "firstOperation": {
        "name": "All Operators",
        "successor": {
          "selection": {
            "selectionType": {
              "name": "LastToFirst"
            },
            "quantity": 0,
            "percentage": 0.1,
            "name": "Group Selection"
          },
          "executionType": {
            "name": "Conventional Execution"
          },
          "name": "Execute Operators",
          "successor": {
            "name": "Store Mutants"
          }
        }
      }
    }
  },
  {
    "variables": [
      52,
      52,
      177,
      51,
      124,
      142,
      11,
      102,
      40,
      47,
      1,
      6,
      18,
      88,
      130,
      138,
      26,
      27,
      135,
      87,
      164,
      71,
      167,
      33,
      176,
      132,
      58,
      136,
      50,
      177,
      55,
      43,
      103,
      103,
      10,
      151,
      40,
      67,
      64,
      137,
      92,
      84,
      102,
      150,
      13,
      67,
      133,
      130,
      162,
      147,
      142,
      11,
      102,
      40,
      167,
      58,
      43,
      33,
      23,
      137,
      92,
      84,
      102,
      150,
      103,
      9,
      151,
      67,
      17,
      65,
      130,
      135,
      84,
      97,
      47,
      96,
      28,
      131,
      146,
      109,
      80,
      97,
      166,
      52,
      157,
      162,
      147,
      142,
      61,
      16,
      39,
      27,
      154,
      144,
      103,
      51,
      117,
      113,
      96,
      28,
      177,
      114,
      86,
      48,
      128,
      20,
      74,
      0,
      95,
      101,
      90,
      132,
      52,
      177,
      51,
      87,
      106,
      129,
      102,
      62,
      117,
      67,
      148,
      112,
      71,
      35,
      123,
      106,
      108,
      6,
      155,
      162,
      168,
      114,
      121,
      22,
      149,
      7,
      154,
      83,
      43,
      1,
      167,
      84,
      23,
      162,
      24,
      63,
      132,
      15,
      161,
      126,
      64,
      16,
      30,
      106,
      86,
      48,
      128,
      0,
      74,
      0,
      95,
      101,
      75,
      152,
      50,
      139,
      108,
      48,
      30,
      30,
      114,
      58,
      43,
      33,
      23,
      47,
      1,
      6,
      18,
      88,
      50
    ],
    "objectives": [
      0.028837301439104745,
      -0.13949579831932774
    ],
    "quantity": 0.047540983606557376,
    "strategy": {
      "firstOperation": {
        "name": "All Operators",
        "successor": {
          "selection": {
            "selectionType": {
              "name": "Random"
            },
            "quantity": 0,
            "percentage": 0.9,
            "name": "Group Selection"
          },
          "name": "Discard Operators",
          "successor": {
            "selection": {
              "selectionType": {
                "name": "Sequential"
              },
              "quantity": 8,
              "percentage": 0.0,
              "name": "Selection"
            },
            "name": "Discard Operators",
            "successor": {
              "selection": {
                "selectionType": {
                  "name": "Sequential"
                },
                "quantity": 0,
                "percentage": 0.3,
                "sorter": {
                  "reversed": false,
                  "name": "Sort Groups by Quantity in Group"
                },
                "name": "Group Selection"
              },
              "executionType": {
                "name": "Conventional Execution"
              },
              "name": "Execute Operators",
              "successor": {
                "name": "Store Mutants"
              }
            }
          }
        }
      }
    }
  }
]}